Symbol,Tranche,ISIN,Payment_Date,Payment_Type,Amount_Per_Gram
SGBNOV23,2015-16 Series I,IN0020150085,2016-05-30,COUPON,36.91
SGBFEB24,2015-16 Series II,IN0020150101,2016-08-08,COUPON,35.75
SGBMAR24,2015-16 Series III,IN0020150119,2016-09-27,COUPON,40.09
SGBNOV23,2015-16 Series I,IN0020150085,2016-11-28,COUPON,36.91
SGBAUG24,2016-17 Series I,IN0020160027,2017-02-03,COUPON,38.99
SGBFEB24,2015-16 Series II,IN0020150101,2017-02-06,COUPON,35.75
SGBMAR24,2015-16 Series III,IN0020150119,2017-03-28,COUPON,40.09
SGBSEP24,2016-17 Series II,IN0020160043,2017-03-31,COUPON,39.38
SGBNOV24,2016-17 Series III,IN0020160076,2017-05-18,COUPON,37.59
SGBNOV23,2015-16 Series I,IN0020150085,2017-05-29,COUPON,36.91
SGBAUG24,2016-17 Series I,IN0020160027,2017-08-04,COUPON,38.99
SGBFEB24,2015-16 Series II,IN0020150101,2017-08-07,COUPON,35.75
SGBMAR25,2016-17 Series IV,IN0020160126,2017-09-15,COUPON,36.79
SGBMAR24,2015-16 Series III,IN0020150119,2017-09-26,COUPON,40.09
SGBSEP24,2016-17 Series II,IN0020160043,2017-09-29,COUPON,39.38
SGBMAY25,2017-18 Series I,IN0020170018,2017-11-10,COUPON,36.89
SGBNOV24,2016-17 Series III,IN0020160076,2017-11-16,COUPON,37.59
SGBNOV23,2015-16 Series I,IN0020150085,2017-11-27,COUPON,36.91
SGBJULY25,2017-18 Series II,IN0020170034,2018-01-26,COUPON,35.38
SGBAUG24,2016-17 Series I,IN0020160027,2018-02-02,COUPON,38.99
SGBFEB24,2015-16 Series II,IN0020150101,2018-02-05,COUPON,35.75
SGBMAR25,2016-17 Series IV,IN0020160126,2018-03-16,COUPON,36.79
SGBMAR24,2015-16 Series III,IN0020150119,2018-03-27,COUPON,40.09
SGBSEP24,2016-17 Series II,IN0020160043,2018-03-30,COUPON,39.38
SGBOCT25,2017-18 Series III,IN0020170059,2018-04-16,COUPON,36.95
SGBOCT25IV,2017-18 Series IV,IN0020170067,2018-04-23,COUPON,37.34
SGBOCT25V,2017-18 Series V,IN0020170075,2018-04-30,COUPON,37.14
SGBNOV25VI,2017-18 Series VI,IN0020170083,2018-05-07,COUPON,36.81
SGBMAY25,2017-18 Series I,IN0020170018,2018-05-11,COUPON,36.89
SGBNOV25,2017-18 Series VII,IN0020170091,2018-05-14,COUPON,36.67
SGBNOV24,2016-17 Series III,IN0020160076,2018-05-17,COUPON,37.59
SGBNOV258,2017-18 Series VIII,IN0020170109,2018-05-21,COUPON,37.02
SGBNOV23,2015-16 Series I,IN0020150085,2018-05-28,COUPON,36.91
SGBNOV25IX,2017-18 Series IX,IN0020170117,2018-05-28,COUPON,37.05
SGBDEC25,2017-18 Series X,IN0020170125,2018-06-04,COUPON,37.02
SGBDEC25XI,2017-18 Series XI,IN0020170133,2018-06-11,COUPON,36.9
SGBDEC2512,2017-18 Series XII,IN0020170141,2018-06-18,COUPON,36.12
SGBDEC2513,2017-18 Series XIII,IN0020170158,2018-06-26,COUPON,35.83
SGBJAN26,2017-18 Series XIV,IN0020170166,2018-07-02,COUPON,36.02
SGBJULY25,2017-18 Series II,IN0020170034,2018-07-27,COUPON,35.38
SGBAUG24,2016-17 Series I,IN0020160027,2018-08-03,COUPON,38.99
SGBFEB24,2015-16 Series II,IN0020150101,2018-08-06,COUPON,35.75
SGBMAR25,2016-17 Series IV,IN0020160126,2018-09-14,COUPON,36.79
SGBMAR24,2015-16 Series III,IN0020150119,2018-09-25,COUPON,40.09
SGBSEP24,2016-17 Series II,IN0020160043,2018-09-28,COUPON,39.38
SGBOCT25,2017-18 Series III,IN0020170059,2018-10-15,COUPON,36.95
SGBOCT25IV,2017-18 Series IV,IN0020170067,2018-10-22,COUPON,37.34
SGBOCT25V,2017-18 Series V,IN0020170075,2018-10-29,COUPON,37.14
SGBMAY26,2018-19 Series I,IN0020180033,2018-11-02,COUPON,38.92
SGBNOV25VI,2017-18 Series VI,IN0020170083,2018-11-05,COUPON,36.81
SGBMAY25,2017-18 Series I,IN0020170018,2018-11-09,COUPON,36.89
SGBNOV25,2017-18 Series VII,IN0020170091,2018-11-12,COUPON,36.67
SGBNOV24,2016-17 Series III,IN0020160076,2018-11-15,COUPON,37.59
SGBNOV258,2017-18 Series VIII,IN0020170109,2018-11-19,COUPON,37.02
SGBNOV23,2015-16 Series I,IN0020150085,2018-11-26,COUPON,36.91
SGBNOV25IX,2017-18 Series IX,IN0020170117,2018-11-26,COUPON,37.05
SGBDEC25,2017-18 Series X,IN0020170125,2018-12-03,COUPON,37.02
SGBDEC25XI,2017-18 Series XI,IN0020170133,2018-12-10,COUPON,36.9
SGBDEC2512,2017-18 Series XII,IN0020170141,2018-12-17,COUPON,36.12
SGBDEC2513,2017-18 Series XIII,IN0020170158,2018-12-25,COUPON,35.83
SGBJAN26,2017-18 Series XIV,IN0020170166,2018-12-31,COUPON,36.02
SGBJULY25,2017-18 Series II,IN0020170034,2019-01-25,COUPON,35.38
SGBAUG24,2016-17 Series I,IN0020160027,2019-02-01,COUPON,38.99
SGBFEB24,2015-16 Series II,IN0020150101,2019-02-04,COUPON,35.75
SGBMAR25,2016-17 Series IV,IN0020160126,2019-03-15,COUPON,36.79
SGBMAR24,2015-16 Series III,IN0020150119,2019-03-26,COUPON,40.09
SGBSEP24,2016-17 Series II,IN0020160043,2019-03-29,COUPON,39.38
SGBOCT25,2017-18 Series III,IN0020170059,2019-04-15,COUPON,36.95
SGBOCT25IV,2017-18 Series IV,IN0020170067,2019-04-22,COUPON,37.34
SGBOCT26,2018-19 Series II,IN0020180249,2019-04-23,COUPON,39.33
SGBOCT25V,2017-18 Series V,IN0020170075,2019-04-29,COUPON,37.14
SGBMAY26,2018-19 Series I,IN0020180033,2019-05-03,COUPON,38.92
SGBNOV25VI,2017-18 Series VI,IN0020170083,2019-05-06,COUPON,36.81
SGBMAY25,2017-18 Series I,IN0020170018,2019-05-10,COUPON,36.89
SGBNOV25,2017-18 Series VII,IN0020170091,2019-05-13,COUPON,36.67
SGBNOV26,2018-19 Series III,IN0020180314,2019-05-14,COUPON,39.79
SGBNOV24,2016-17 Series III,IN0020160076,2019-05-16,COUPON,37.59
SGBNOV258,2017-18 Series VIII,IN0020170109,2019-05-20,COUPON,37.02
SGBNOV23,2015-16 Series I,IN0020150085,2019-05-27,COUPON,36.91
SGBNOV25IX,2017-18 Series IX,IN0020170117,2019-05-27,COUPON,37.05
SGBDEC25,2017-18 Series X,IN0020170125,2019-06-03,COUPON,37.02
SGBDEC25XI,2017-18 Series XI,IN0020170133,2019-06-10,COUPON,36.9
SGBDEC2512,2017-18 Series XII,IN0020170141,2019-06-17,COUPON,36.12
SGBDEC2513,2017-18 Series XIII,IN0020170158,2019-06-25,COUPON,35.83
SGBJAN26,2017-18 Series XIV,IN0020170166,2019-07-01,COUPON,36.02
SGBDEC26,2018-19 Series IV,IN0020180389,2019-07-02,COUPON,38.99
SGBJAN27,2018-19 Series V,IN0020180462,2019-07-23,COUPON,40.17
SGBJULY25,2017-18 Series II,IN0020170034,2019-07-26,COUPON,35.38
SGBAUG24,2016-17 Series I,IN0020160027,2019-08-02,COUPON,38.99
SGBFEB24,2015-16 Series II,IN0020150101,2019-08-05,COUPON,35.75
SGBFEB27,2018-19 Series VI,IN0020180561,2019-08-13,COUPON,41.58
SGBMAR25,2016-17 Series IV,IN0020160126,2019-09-13,COUPON,36.79
SGBMAR24,2015-16 Series III,IN0020150119,2019-09-24,COUPON,40.09
SGBSEP24,2016-17 Series II,IN0020160043,2019-09-27,COUPON,39.38
SGBOCT25,2017-18 Series III,IN0020170059,2019-10-14,COUPON,36.95
SGBOCT25IV,2017-18 Series IV,IN0020170067,2019-10-21,COUPON,37.34
SGBOCT26,2018-19 Series II,IN0020180249,2019-10-22,COUPON,39.33
SGBOCT25V,2017-18 Series V,IN0020170075,2019-10-28,COUPON,37.14
SGBMAY26,2018-19 Series I,IN0020180033,2019-11-01,COUPON,38.92
SGBNOV25VI,2017-18 Series VI,IN0020170083,2019-11-04,COUPON,36.81
SGBMAY25,2017-18 Series I,IN0020170018,2019-11-08,COUPON,36.89
SGBNOV25,2017-18 Series VII,IN0020170091,2019-11-11,COUPON,36.67
SGBNOV26,2018-19 Series III,IN0020180314,2019-11-12,COUPON,39.79
SGBNOV24,2016-17 Series III,IN0020160076,2019-11-14,COUPON,37.59
SGBNOV258,2017-18 Series VIII,IN0020170109,2019-11-18,COUPON,37.02
SGBNOV23,2015-16 Series I,IN0020150085,2019-11-25,COUPON,36.91
SGBNOV25IX,2017-18 Series IX,IN0020170117,2019-11-25,COUPON,37.05
SGBDEC25,2017-18 Series X,IN0020170125,2019-12-02,COUPON,37.02
SGBDEC25XI,2017-18 Series XI,IN0020170133,2019-12-09,COUPON,36.9
SGBJUN27,2019-20 Series I,IN0020190073,2019-12-10,COUPON,39.95
SGBDEC2512,2017-18 Series XII,IN0020170141,2019-12-16,COUPON,36.12
SGBDEC2513,2017-18 Series XIII,IN0020170158,2019-12-24,COUPON,35.83
SGBJAN26,2017-18 Series XIV,IN0020170166,2019-12-30,COUPON,36.02
SGBDEC26,2018-19 Series IV,IN0020180389,2019-12-31,COUPON,38.99
SGBJUL27,2019-20 Series II,IN0020190081,2020-01-14,COUPON,43.04
SGBJAN27,2018-19 Series V,IN0020180462,2020-01-21,COUPON,40.17
SGBJULY25,2017-18 Series II,IN0020170034,2020-01-24,COUPON,35.38
SGBAUG24,2016-17 Series I,IN0020160027,2020-01-31,COUPON,38.99
SGBFEB24,2015-16 Series II,IN0020150101,2020-02-03,COUPON,35.75
SGBFEB27,2018-19 Series VI,IN0020180561,2020-02-11,COUPON,41.58
SGBAUG27,2019-20 Series III,IN0020190107,2020-02-12,COUPON,43.74
SGBMAR25,2016-17 Series IV,IN0020160126,2020-03-13,COUPON,36.79
SGBSEP27,2019-20 Series IV,IN0020190115,2020-03-17,COUPON,48.62
SGBMAR24,2015-16 Series III,IN0020150119,2020-03-24,COUPON,40.09
SGBSEP24,2016-17 Series II,IN0020160043,2020-03-27,COUPON,39.38
SGBOCT25,2017-18 Series III,IN0020170059,2020-04-13,COUPON,36.95
SGBOCT27,2019-20 Series V,IN0020190370,2020-04-14,COUPON,47.35
SGBOCT25IV,2017-18 Series IV,IN0020170067,2020-04-20,COUPON,37.34
SGBOCT26,2018-19 Series II,IN0020180249,2020-04-21,COUPON,39.33
SGBOCT25V,2017-18 Series V,IN0020170075,2020-04-27,COUPON,37.14
SGBOCT27VI,2019-20 Series VI,IN0020190388,2020-04-29,COUPON,47.94
SGBMAY26,2018-19 Series I,IN0020180033,2020-05-01,COUPON,38.92
SGBNOV25VI,2017-18 Series VI,IN0020170083,2020-05-04,COUPON,36.81
SGBMAY25,2017-18 Series I,IN0020170018,2020-05-08,COUPON,36.89
SGBNOV25,2017-18 Series VII,IN0020170091,2020-05-11,COUPON,36.67
SGBNOV26,2018-19 Series III,IN0020180314,2020-05-12,COUPON,39.79
SGBNOV24,2016-17 Series III,IN0020160076,2020-05-14,COUPON,37.59
SGBNOV258,2017-18 Series VIII,IN0020170109,2020-05-18,COUPON,37.02
SGBNOV23,2015-16 Series I,IN0020150085,2020-05-25,COUPON,36.91
SGBNOV25IX,2017-18 Series IX,IN0020170117,2020-05-25,COUPON,37.05
SGBDEC25,2017-18 Series X,IN0020170125,2020-06-01,COUPON,37.02
SGBDEC25XI,2017-18 Series XI,IN0020170133,2020-06-08,COUPON,36.9
SGBDC27VII,2019-20 Series VII,IN0020190461,2020-06-09,COUPON,47.44
SGBJUN27,2019-20 Series I,IN0020190073,2020-06-09,COUPON,39.95
SGBDEC2512,2017-18 Series XII,IN0020170141,2020-06-15,COUPON,36.12
SGBDEC2513,2017-18 Series XIII,IN0020170158,2020-06-23,COUPON,35.83
SGBJAN26,2017-18 Series XIV,IN0020170166,2020-06-29,COUPON,36.02
SGBDEC26,2018-19 Series IV,IN0020180389,2020-06-30,COUPON,38.99
SGBJUL27,2019-20 Series II,IN0020190081,2020-07-14,COUPON,43.04
SGBJ28VIII,2019-20 Series VIII,IN0020190537,2020-07-21,COUPON,50.2
SGBJAN27,2018-19 Series V,IN0020180462,2020-07-21,COUPON,40.17
SGBJULY25,2017-18 Series II,IN0020170034,2020-07-24,COUPON,35.38
SGBAUG24,2016-17 Series I,IN0020160027,2020-07-31,COUPON,38.99
SGBFEB24,2015-16 Series II,IN0020150101,2020-08-03,COUPON,35.75
SGBFEB27,2018-19 Series VI,IN0020180561,2020-08-11,COUPON,41.58
SGBFEB28IX,2019-20 Series IX,IN0020190545,2020-08-11,COUPON,50.88
SGBAUG27,2019-20 Series III,IN0020190107,2020-08-12,COUPON,43.74
SGBMAR28X,2019-20 Series X,IN0020190552,2020-09-09,COUPON,53.25
SGBMAR25,2016-17 Series IV,IN0020160126,2020-09-11,COUPON,36.79
SGBSEP27,2019-20 Series IV,IN0020190115,2020-09-15,COUPON,48.62
SGBMAR24,2015-16 Series III,IN0020150119,2020-09-22,COUPON,40.09
SGBSEP24,2016-17 Series II,IN0020160043,2020-09-25,COUPON,39.38
SGBOCT25,2017-18 Series III,IN0020170059,2020-10-12,COUPON,36.95
SGBOCT27,2019-20 Series V,IN0020190370,2020-10-13,COUPON,47.35
SGBOCT25IV,2017-18 Series IV,IN0020170067,2020-10-19,COUPON,37.34
SGBOCT26,2018-19 Series II,IN0020180249,2020-10-20,COUPON,39.33
SGBOCT25V,2017-18 Series V,IN0020170075,2020-10-26,COUPON,37.14
SGBAPR28I,2020-21 Series I,IN0020200062,2020-10-27,COUPON,57.99
SGBOCT27VI,2019-20 Series VI,IN0020190388,2020-10-28,COUPON,47.94
SGBMAY26,2018-19 Series I,IN0020180033,2020-10-30,COUPON,38.92
SGBNOV25VI,2017-18 Series VI,IN0020170083,2020-11-02,COUPON,36.81
SGBMAY25,2017-18 Series I,IN0020170018,2020-11-06,COUPON,36.89
SGBNOV25,2017-18 Series VII,IN0020170091,2020-11-09,COUPON,36.67
SGBNOV26,2018-19 Series III,IN0020180314,2020-11-10,COUPON,39.79
SGBNOV24,2016-17 Series III,IN0020160076,2020-11-12,COUPON,37.59
SGBNOV258,2017-18 Series VIII,IN0020170109,2020-11-16,COUPON,37.02
SGBMAY28,2020-21 Series II,IN0020200088,2020-11-17,COUPON,57.38
SGBNOV23,2015-16 Series I,IN0020150085,2020-11-23,COUPON,36.91
SGBNOV25IX,2017-18 Series IX,IN0020170117,2020-11-23,COUPON,37.05
SGBDEC25,2017-18 Series X,IN0020170125,2020-11-30,COUPON,37.02
SGBDEC25XI,2017-18 Series XI,IN0020170133,2020-12-07,COUPON,36.9
SGBDC27VII,2019-20 Series VII,IN0020190461,2020-12-08,COUPON,47.44
SGBJUN27,2019-20 Series I,IN0020190073,2020-12-08,COUPON,39.95
SGBDEC2512,2017-18 Series XII,IN0020170141,2020-12-14,COUPON,36.12
SGBJUN28,2020-21 Series III,IN0020200104,2020-12-15,COUPON,58.47
SGBDEC2513,2017-18 Series XIII,IN0020170158,2020-12-22,COUPON,35.83
SGBJAN26,2017-18 Series XIV,IN0020170166,2020-12-28,COUPON,36.02
SGBDEC26,2018-19 Series IV,IN0020180389,2020-12-29,COUPON,38.99
SGBJUL27,2019-20 Series II,IN0020190081,2021-01-12,COUPON,43.04
SGBJUL28IV,2020-21 Series IV,IN0020200146,2021-01-12,COUPON,60.65
SGBJ28VIII,2019-20 Series VIII,IN0020190537,2021-01-19,COUPON,50.2
SGBJAN27,2018-19 Series V,IN0020180462,2021-01-19,COUPON,40.17
SGBJULY25,2017-18 Series II,IN0020170034,2021-01-22,COUPON,35.38
SGBAUG24,2016-17 Series I,IN0020160027,2021-01-29,COUPON,38.99
SGBFEB24,2015-16 Series II,IN0020150101,2021-02-01,COUPON,35.75
SGBAUG28V,2020-21 Series V,IN0020200161,2021-02-09,COUPON,66.67
SGBFEB27,2018-19 Series VI,IN0020180561,2021-02-09,COUPON,41.58
SGBFEB28IX,2019-20 Series IX,IN0020190545,2021-02-09,COUPON,50.88
SGBAUG27,2019-20 Series III,IN0020190107,2021-02-10,COUPON,43.74
SGBSEP28VI,2020-21 Series VI,IN0020200195,2021-03-09,COUPON,63.97
SGBMAR28X,2019-20 Series X,IN0020190552,2021-03-10,COUPON,53.25
SGBMAR25,2016-17 Series IV,IN0020160126,2021-03-12,COUPON,36.79
SGBSEP27,2019-20 Series IV,IN0020190115,2021-03-16,COUPON,48.62
SGBMAR24,2015-16 Series III,IN0020150119,2021-03-23,COUPON,40.09
SGBSEP24,2016-17 Series II,IN0020160043,2021-03-26,COUPON,39.38
SGBOCT25,2017-18 Series III,IN0020170059,2021-04-12,COUPON,36.95
SGBOCT27,2019-20 Series V,IN0020190370,2021-04-13,COUPON,47.35
SGBOCT25IV,2017-18 Series IV,IN0020170067,2021-04-19,COUPON,37.34
SGBOC28VII,2020-21 Series VII,IN0020200203,2021-04-20,COUPON,63.14
SGBOCT26,2018-19 Series II,IN0020180249,2021-04-20,COUPON,39.33
SGBOCT25V,2017-18 Series V,IN0020170075,2021-04-26,COUPON,37.14
SGBAPR28I,2020-21 Series I,IN0020200062,2021-04-27,COUPON,57.99
SGBOCT27VI,2019-20 Series VI,IN0020190388,2021-04-28,COUPON,47.94
SGBMAY26,2018-19 Series I,IN0020180033,2021-04-30,COUPON,38.92
SGBNOV25VI,2017-18 Series VI,IN0020170083,2021-05-03,COUPON,36.81
SGBMAY25,2017-18 Series I,IN0020170018,2021-05-07,COUPON,36.89
SGBNOV25,2017-18 Series VII,IN0020170091,2021-05-10,COUPON,36.67
SGBNOV26,2018-19 Series III,IN0020180314,2021-05-11,COUPON,39.79
SGBNOV24,2016-17 Series III,IN0020160076,2021-05-13,COUPON,37.59
SGBNOV258,2017-18 Series VIII,IN0020170109,2021-05-17,COUPON,37.02
SGBMAY28,2020-21 Series II,IN0020200088,2021-05-18,COUPON,57.38
SGBN28VIII,2020-21 Series VIII,IN0020200286,2021-05-19,COUPON,64.72
SGBNOV23,2015-16 Series I,IN0020150085,2021-05-24,COUPON,36.91
SGBNOV25IX,2017-18 Series IX,IN0020170117,2021-05-24,COUPON,37.05
SGBDEC25,2017-18 Series X,IN0020170125,2021-05-31,COUPON,37.02
SGBDEC25XI,2017-18 Series XI,IN0020170133,2021-06-07,COUPON,36.9
SGBDC27VII,2019-20 Series VII,IN0020190461,2021-06-08,COUPON,47.44
SGBJUN27,2019-20 Series I,IN0020190073,2021-06-08,COUPON,39.95
SGBDEC2512,2017-18 Series XII,IN0020170141,2021-06-14,COUPON,36.12
SGBJUN28,2020-21 Series III,IN0020200104,2021-06-15,COUPON,58.47
SGBDEC2513,2017-18 Series XIII,IN0020170158,2021-06-22,COUPON,35.83
SGBJAN26,2017-18 Series XIV,IN0020170166,2021-06-28,COUPON,36.02
SGBDEC26,2018-19 Series IV,IN0020180389,2021-06-29,COUPON,38.99
SGBJAN29IX,2020-21 Series IX,IN0020200377,2021-07-06,COUPON,62.5
SGBJUL27,2019-20 Series II,IN0020190081,2021-07-13,COUPON,43.04
SGBJUL28IV,2020-21 Series IV,IN0020200146,2021-07-13,COUPON,60.65
SGBJ28VIII,2019-20 Series VIII,IN0020190537,2021-07-20,COUPON,50.2
SGBJAN27,2018-19 Series V,IN0020180462,2021-07-20,COUPON,40.17
SGBJAN29X,2020-21 Series X,IN0020200385,2021-07-20,COUPON,63.8
SGBJULY25,2017-18 Series II,IN0020170034,2021-07-23,COUPON,35.38
SGBAUG24,2016-17 Series I,IN0020160027,2021-07-30,COUPON,38.99
SGBFEB24,2015-16 Series II,IN0020150101,2021-08-02,COUPON,35.75
SGBAUG28V,2020-21 Series V,IN0020200161,2021-08-10,COUPON,66.67
SGBFEB27,2018-19 Series VI,IN0020180561,2021-08-10,COUPON,41.58
SGBFEB28IX,2019-20 Series IX,IN0020190545,2021-08-10,COUPON,50.88
SGBFEB29XI,2020-21 Series XI,IN0020200393,2021-08-10,COUPON,61.4
SGBAUG27,2019-20 Series III,IN0020190107,2021-08-11,COUPON,43.74
SGBMR29XII,2020-21 Series XII,IN0020200427,2021-09-07,COUPON,58.27
SGBSEP28VI,2020-21 Series VI,IN0020200195,2021-09-07,COUPON,63.97
SGBMAR28X,2019-20 Series X,IN0020190552,2021-09-08,COUPON,53.25
SGBMAR25,2016-17 Series IV,IN0020160126,2021-09-10,COUPON,36.79
SGBSEP27,2019-20 Series IV,IN0020190115,2021-09-14,COUPON,48.62
SGBMAR24,2015-16 Series III,IN0020150119,2021-09-21,COUPON,40.09
SGBSEP24,2016-17 Series II,IN0020160043,2021-09-24,COUPON,39.38
SGBOCT25,2017-18 Series III,IN0020170059,2021-10-11,COUPON,36.95
SGBOCT27,2019-20 Series V,IN0020190370,2021-10-12,COUPON,47.35
SGBOCT25IV,2017-18 Series IV,IN0020170067,2021-10-18,COUPON,37.34
SGBOC28VII,2020-21 Series VII,IN0020200203,2021-10-19,COUPON,63.14
SGBOCT26,2018-19 Series II,IN0020180249,2021-10-19,COUPON,39.33
SGBOCT25V,2017-18 Series V,IN0020170075,2021-10-25,COUPON,37.14
SGBAPR28I,2020-21 Series I,IN0020200062,2021-10-26,COUPON,57.99
SGBOCT27VI,2019-20 Series VI,IN0020190388,2021-10-27,COUPON,47.94
SGBMAY26,2018-19 Series I,IN0020180033,2021-10-29,COUPON,38.92
SGBNOV25VI,2017-18 Series VI,IN0020170083,2021-11-01,COUPON,36.81
SGBMAY25,2017-18 Series I,IN0020170018,2021-11-05,COUPON,36.89
SGBNOV25,2017-18 Series VII,IN0020170091,2021-11-08,COUPON,36.67
SGBNOV26,2018-19 Series III,IN0020180314,2021-11-09,COUPON,39.79
SGBNOV24,2016-17 Series III,IN0020160076,2021-11-11,COUPON,37.59
SGBNOV258,2017-18 Series VIII,IN0020170109,2021-11-15,COUPON,37.02
SGBMAY28,2020-21 Series II,IN0020200088,2021-11-16,COUPON,57.38
SGBN28VIII,2020-21 Series VIII,IN0020200286,2021-11-17,COUPON,64.72
SGBNOV23,2015-16 Series I,IN0020150085,2021-11-22,COUPON,36.91
SGBNOV25IX,2017-18 Series IX,IN0020170117,2021-11-22,COUPON,37.05
SGBMAY29I,2021-22 Series I,IN0020210053,2021-11-23,COUPON,59.72
SGBDEC25,2017-18 Series X,IN0020170125,2021-11-29,COUPON,37.02
SGBJUN29II,2021-22 Series II,IN0020210061,2021-11-30,COUPON,60.52
SGBDEC25XI,2017-18 Series XI,IN0020170133,2021-12-06,COUPON,36.9
SGBDC27VII,2019-20 Series VII,IN0020190461,2021-12-07,COUPON,47.44
SGBJU29III,2021-22 Series III,IN0020210087,2021-12-07,COUPON,61.12
SGBJUN27,2019-20 Series I,IN0020190073,2021-12-07,COUPON,39.95
SGBDEC2512,2017-18 Series XII,IN0020170141,2021-12-13,COUPON,36.12
SGBJUN28,2020-21 Series III,IN0020200104,2021-12-14,COUPON,58.47
SGBDEC2513,2017-18 Series XIII,IN0020170158,2021-12-21,COUPON,35.83
SGBJAN26,2017-18 Series XIV,IN0020170166,2021-12-27,COUPON,36.02
SGBDEC26,2018-19 Series IV,IN0020180389,2021-12-28,COUPON,38.99
SGBJAN29IX,2020-21 Series IX,IN0020200377,2022-01-04,COUPON,62.5
SGBJUL27,2019-20 Series II,IN0020190081,2022-01-11,COUPON,43.04
SGBJUL28IV,2020-21 Series IV,IN0020200146,2022-01-11,COUPON,60.65
SGBJ28VIII,2019-20 Series VIII,IN0020190537,2022-01-18,COUPON,50.2
SGBJAN27,2018-19 Series V,IN0020180462,2022-01-18,COUPON,40.17
SGBJAN29X,2020-21 Series X,IN0020200385,2022-01-18,COUPON,63.8
SGBJUL29IV,2021-22 Series IV,IN0020210111,2022-01-18,COUPON,60.09
SGBJULY25,2017-18 Series II,IN0020170034,2022-01-21,COUPON,35.38
SGBAUG24,2016-17 Series I,IN0020160027,2022-01-28,COUPON,38.99
SGBFEB24,2015-16 Series II,IN0020150101,2022-01-31,COUPON,35.75
SGBAUG28V,2020-21 Series V,IN0020200161,2022-02-08,COUPON,66.67
SGBFEB27,2018-19 Series VI,IN0020180561,2022-02-08,COUPON,41.58
SGBFEB28IX,2019-20 Series IX,IN0020190545,2022-02-08,COUPON,50.88
SGBFEB29XI,2020-21 Series XI,IN0020200393,2022-02-08,COUPON,61.4
SGBAUG27,2019-20 Series III,IN0020190107,2022-02-09,COUPON,43.74
SGBAUG29V,2021-22 Series V,IN0020210129,2022-02-15,COUPON,59.88
SGBMR29XII,2020-21 Series XII,IN0020200427,2022-03-08,COUPON,58.27
SGBSEP28VI,2020-21 Series VI,IN0020200195,2022-03-08,COUPON,63.97
SGBSEP29VI,2021-22 Series VI,IN0020210145,2022-03-08,COUPON,59.15
SGBMAR28X,2019-20 Series X,IN0020190552,2022-03-09,COUPON,53.25
SGBMAR25,2016-17 Series IV,IN0020160126,2022-03-11,COUPON,36.79
SGBSEP27,2019-20 Series IV,IN0020190115,2022-03-15,COUPON,48.62
SGBMAR24,2015-16 Series III,IN0020150119,2022-03-22,COUPON,40.09
SGBSEP24,2016-17 Series II,IN0020160043,2022-03-25,COUPON,39.38
SGBOCT25,2017-18 Series III,IN0020170059,2022-04-11,COUPON,36.95
SGBOCT27,2019-20 Series V,IN0020190370,2022-04-12,COUPON,47.35
SGBOCT25IV,2017-18 Series IV,IN0020170067,2022-04-18,COUPON,37.34
SGBOC28VII,2020-21 Series VII,IN0020200203,2022-04-19,COUPON,63.14
SGBOCT26,2018-19 Series II,IN0020180249,2022-04-19,COUPON,39.33
SGBOCT25V,2017-18 Series V,IN0020170075,2022-04-25,COUPON,37.14
SGBAPR28I,2020-21 Series I,IN0020200062,2022-04-26,COUPON,57.99
SGBOCT27VI,2019-20 Series VI,IN0020190388,2022-04-27,COUPON,47.94
SGBMAY26,2018-19 Series I,IN0020180033,2022-04-29,COUPON,38.92
SGBNOV25VI,2017-18 Series VI,IN0020170083,2022-05-02,COUPON,36.81
SGBNV29VII,2021-22 Series VII,IN0020210178,2022-05-03,COUPON,59.52
SGBMAY25,2017-18 Series I,IN0020170018,2022-05-06,COUPON,36.89
SGBNOV25,2017-18 Series VII,IN0020170091,2022-05-09,COUPON,36.67
SGBNOV26,2018-19 Series III,IN0020180314,2022-05-10,COUPON,39.79
SGBNOV24,2016-17 Series III,IN0020160076,2022-05-12,COUPON,37.59
SGBNOV258,2017-18 Series VIII,IN0020170109,2022-05-16,COUPON,37.02
SGBMAY28,2020-21 Series II,IN0020200088,2022-05-17,COUPON,57.38
SGBN28VIII,2020-21 Series VIII,IN0020200286,2022-05-18,COUPON,64.72
SGBNOV23,2015-16 Series I,IN0020150085,2022-05-23,COUPON,36.91
SGBNOV25IX,2017-18 Series IX,IN0020170117,2022-05-23,COUPON,37.05
SGBMAY29I,2021-22 Series I,IN0020210053,2022-05-24,COUPON,59.72
SGBDEC25,2017-18 Series X,IN0020170125,2022-05-30,COUPON,37.02
SGBJUN29II,2021-22 Series II,IN0020210061,2022-05-31,COUPON,60.52
SGBDEC25XI,2017-18 Series XI,IN0020170133,2022-06-06,COUPON,36.9
SGBD29VIII,2021-22 Series VIII,IN0020210228,2022-06-07,COUPON,59.89
SGBDC27VII,2019-20 Series VII,IN0020190461,2022-06-07,COUPON,47.44
SGBJU29III,2021-22 Series III,IN0020210087,2022-06-07,COUPON,61.12
SGBJUN27,2019-20 Series I,IN0020190073,2022-06-07,COUPON,39.95
SGBDEC2512,2017-18 Series XII,IN0020170141,2022-06-13,COUPON,36.12
SGBJUN28,2020-21 Series III,IN0020200104,2022-06-14,COUPON,58.47
SGBDEC2513,2017-18 Series XIII,IN0020170158,2022-06-21,COUPON,35.83
SGBJAN26,2017-18 Series XIV,IN0020170166,2022-06-27,COUPON,36.02
SGBDEC26,2018-19 Series IV,IN0020180389,2022-06-28,COUPON,38.99
SGBJAN29IX,2020-21 Series IX,IN0020200377,2022-07-05,COUPON,62.5
SGBJUL27,2019-20 Series II,IN0020190081,2022-07-12,COUPON,43.04
SGBJUL28IV,2020-21 Series IV,IN0020200146,2022-07-12,COUPON,60.65
SGBJ28VIII,2019-20 Series VIII,IN0020190537,2022-07-19,COUPON,50.2
SGBJAN27,2018-19 Series V,IN0020180462,2022-07-19,COUPON,40.17
SGBJAN29X,2020-21 Series X,IN0020200385,2022-07-19,COUPON,63.8
SGBJAN30IX,2021-22 Series IX,IN0020210236,2022-07-19,COUPON,59.83
SGBJUL29IV,2021-22 Series IV,IN0020210111,2022-07-19,COUPON,60.09
SGBJULY25,2017-18 Series II,IN0020170034,2022-07-22,COUPON,35.38
SGBAUG24,2016-17 Series I,IN0020160027,2022-07-29,COUPON,38.99
SGBFEB24,2015-16 Series II,IN0020150101,2022-08-01,COUPON,35.75
SGBAUG28V,2020-21 Series V,IN0020200161,2022-08-09,COUPON,66.67
SGBFEB27,2018-19 Series VI,IN0020180561,2022-08-09,COUPON,41.58
SGBFEB28IX,2019-20 Series IX,IN0020190545,2022-08-09,COUPON,50.88
SGBFEB29XI,2020-21 Series XI,IN0020200393,2022-08-09,COUPON,61.4
SGBAUG27,2019-20 Series III,IN0020190107,2022-08-10,COUPON,43.74
SGBAUG29V,2021-22 Series V,IN0020210129,2022-08-16,COUPON,59.88
SGBMAR30X,2021-22 Series X,IN0020210319,2022-09-06,COUPON,63.87
SGBMR29XII,2020-21 Series XII,IN0020200427,2022-09-06,COUPON,58.27
SGBSEP28VI,2020-21 Series VI,IN0020200195,2022-09-06,COUPON,63.97
SGBSEP29VI,2021-22 Series VI,IN0020210145,2022-09-06,COUPON,59.15
SGBMAR28X,2019-20 Series X,IN0020190552,2022-09-07,COUPON,53.25
SGBMAR25,2016-17 Series IV,IN0020160126,2022-09-09,COUPON,36.79
SGBSEP27,2019-20 Series IV,IN0020190115,2022-09-13,COUPON,48.62
SGBMAR24,2015-16 Series III,IN0020150119,2022-09-20,COUPON,40.09
SGBSEP24,2016-17 Series II,IN0020160043,2022-09-23,COUPON,39.38
SGBOCT25,2017-18 Series III,IN0020170059,2022-10-10,COUPON,36.95
SGBOCT27,2019-20 Series V,IN0020190370,2022-10-11,COUPON,47.35
SGBOCT25IV,2017-18 Series IV,IN0020170067,2022-10-17,COUPON,37.34
SGBOC28VII,2020-21 Series VII,IN0020200203,2022-10-18,COUPON,63.14
SGBOCT26,2018-19 Series II,IN0020180249,2022-10-18,COUPON,39.33
SGBOCT25V,2017-18 Series V,IN0020170075,2022-10-24,COUPON,37.14
SGBAPR28I,2020-21 Series I,IN0020200062,2022-10-25,COUPON,57.99
SGBOCT27VI,2019-20 Series VI,IN0020190388,2022-10-26,COUPON,47.94
SGBMAY26,2018-19 Series I,IN0020180033,2022-10-28,COUPON,38.92
SGBNOV25VI,2017-18 Series VI,IN0020170083,2022-10-31,COUPON,36.81
SGBNV29VII,2021-22 Series VII,IN0020210178,2022-11-01,COUPON,59.52
SGBMAY25,2017-18 Series I,IN0020170018,2022-11-04,COUPON,36.89
SGBNOV25,2017-18 Series VII,IN0020170091,2022-11-07,COUPON,36.67
SGBNOV26,2018-19 Series III,IN0020180314,2022-11-08,COUPON,39.79
SGBNOV24,2016-17 Series III,IN0020160076,2022-11-10,COUPON,37.59
SGBNOV258,2017-18 Series VIII,IN0020170109,2022-11-14,COUPON,37.02
SGBMAY28,2020-21 Series II,IN0020200088,2022-11-15,COUPON,57.38
SGBN28VIII,2020-21 Series VIII,IN0020200286,2022-11-16,COUPON,64.72
SGBNOV23,2015-16 Series I,IN0020150085,2022-11-21,COUPON,36.91
SGBNOV25IX,2017-18 Series IX,IN0020170117,2022-11-21,COUPON,37.05
SGBMAY29I,2021-22 Series I,IN0020210053,2022-11-22,COUPON,59.72
SGBDEC25,2017-18 Series X,IN0020170125,2022-11-28,COUPON,37.02
SGBJUN29II,2021-22 Series II,IN0020210061,2022-11-29,COUPON,60.52
SGBDEC25XI,2017-18 Series XI,IN0020170133,2022-12-05,COUPON,36.9
SGBD29VIII,2021-22 Series VIII,IN0020210228,2022-12-06,COUPON,59.89
SGBDC27VII,2019-20 Series VII,IN0020190461,2022-12-06,COUPON,47.44
SGBJU29III,2021-22 Series III,IN0020210087,2022-12-06,COUPON,61.12
SGBJUN27,2019-20 Series I,IN0020190073,2022-12-06,COUPON,39.95
SGBDEC2512,2017-18 Series XII,IN0020170141,2022-12-12,COUPON,36.12
SGBJUN28,2020-21 Series III,IN0020200104,2022-12-13,COUPON,58.47
SGBDEC2513,2017-18 Series XIII,IN0020170158,2022-12-20,COUPON,35.83
SGBJAN26,2017-18 Series XIV,IN0020170166,2022-12-26,COUPON,36.02
SGBDEC26,2018-19 Series IV,IN0020180389,2022-12-27,COUPON,38.99
SGBJUN30,2022-23 Series I,IN0020220045,2022-12-27,COUPON,63.64
SGBJAN29IX,2020-21 Series IX,IN0020200377,2023-01-03,COUPON,62.5
SGBJUL27,2019-20 Series II,IN0020190081,2023-01-10,COUPON,43.04
SGBJUL28IV,2020-21 Series IV,IN0020200146,2023-01-10,COUPON,60.65
SGBJ28VIII,2019-20 Series VIII,IN0020190537,2023-01-17,COUPON,50.2
SGBJAN27,2018-19 Series V,IN0020180462,2023-01-17,COUPON,40.17
SGBJAN29X,2020-21 Series X,IN0020200385,2023-01-17,COUPON,63.8
SGBJAN30IX,2021-22 Series IX,IN0020210236,2023-01-17,COUPON,59.83
SGBJUL29IV,2021-22 Series IV,IN0020210111,2023-01-17,COUPON,60.09
SGBJULY25,2017-18 Series II,IN0020170034,2023-01-20,COUPON,35.38
SGBAUG24,2016-17 Series I,IN0020160027,2023-01-27,COUPON,38.99
SGBFEB24,2015-16 Series II,IN0020150101,2023-01-30,COUPON,35.75
SGBAUG28V,2020-21 Series V,IN0020200161,2023-02-07,COUPON,66.67
SGBFEB27,2018-19 Series VI,IN0020180561,2023-02-07,COUPON,41.58
SGBFEB28IX,2019-20 Series IX,IN0020190545,2023-02-07,COUPON,50.88
SGBFEB29XI,2020-21 Series XI,IN0020200393,2023-02-07,COUPON,61.4
SGBAUG27,2019-20 Series III,IN0020190107,2023-02-08,COUPON,43.74
SGBAUG29V,2021-22 Series V,IN0020210129,2023-02-14,COUPON,59.88
SGBAUG30,2022-23 Series II,IN0020220078,2023-02-28,COUPON,64.97
SGBMAR30X,2021-22 Series X,IN0020210319,2023-03-07,COUPON,63.87
SGBMR29XII,2020-21 Series XII,IN0020200427,2023-03-07,COUPON,58.27
SGBSEP28VI,2020-21 Series VI,IN0020200195,2023-03-07,COUPON,63.97
SGBSEP29VI,2021-22 Series VI,IN0020210145,2023-03-07,COUPON,59.15
SGBMAR28X,2019-20 Series X,IN0020190552,2023-03-08,COUPON,53.25
SGBMAR25,2016-17 Series IV,IN0020160126,2023-03-10,COUPON,36.79
SGBSEP27,2019-20 Series IV,IN0020190115,2023-03-14,COUPON,48.62
SGBMAR24,2015-16 Series III,IN0020150119,2023-03-21,COUPON,40.09
SGBSEP24,2016-17 Series II,IN0020160043,2023-03-24,COUPON,39.38
SGBOCT25,2017-18 Series III,IN0020170059,2023-04-10,COUPON,36.95
SGBOCT27,2019-20 Series V,IN0020190370,2023-04-11,COUPON,47.35
SGBOCT25IV,2017-18 Series IV,IN0020170067,2023-04-17,COUPON,37.34
SGBOC28VII,2020-21 Series VII,IN0020200203,2023-04-18,COUPON,63.14
SGBOCT26,2018-19 Series II,IN0020180249,2023-04-18,COUPON,39.33
SGBOCT25V,2017-18 Series V,IN0020170075,2023-04-24,COUPON,37.14
SGBAPR28I,2020-21 Series I,IN0020200062,2023-04-25,COUPON,57.99
SGBOCT27VI,2019-20 Series VI,IN0020190388,2023-04-26,COUPON,47.94
SGBMAY26,2018-19 Series I,IN0020180033,2023-04-28,COUPON,38.92
SGBNOV25VI,2017-18 Series VI,IN0020170083,2023-05-01,COUPON,36.81
SGBNV29VII,2021-22 Series VII,IN0020210178,2023-05-02,COUPON,59.52
SGBMAY25,2017-18 Series I,IN0020170018,2023-05-05,COUPON,36.89
SGBNOV25,2017-18 Series VII,IN0020170091,2023-05-08,COUPON,36.67
SGBNOV26,2018-19 Series III,IN0020180314,2023-05-09,COUPON,39.79
SGBNOV24,2016-17 Series III,IN0020160076,2023-05-11,COUPON,37.59
SGBNOV258,2017-18 Series VIII,IN0020170109,2023-05-15,COUPON,37.02
SGBMAY28,2020-21 Series II,IN0020200088,2023-05-16,COUPON,57.38
SGBN28VIII,2020-21 Series VIII,IN0020200286,2023-05-17,COUPON,64.72
SGBNOV23,2015-16 Series I,IN0020150085,2023-05-22,COUPON,36.91
SGBNOV25IX,2017-18 Series IX,IN0020170117,2023-05-22,COUPON,37.05
SGBMAY29I,2021-22 Series I,IN0020210053,2023-05-23,COUPON,59.72
SGBDEC25,2017-18 Series X,IN0020170125,2023-05-29,COUPON,37.02
SGBJUN29II,2021-22 Series II,IN0020210061,2023-05-30,COUPON,60.52
SGBDEC25XI,2017-18 Series XI,IN0020170133,2023-06-05,COUPON,36.9
SGBD29VIII,2021-22 Series VIII,IN0020210228,2023-06-06,COUPON,59.89
SGBDC27VII,2019-20 Series VII,IN0020190461,2023-06-06,COUPON,47.44
SGBJU29III,2021-22 Series III,IN0020210087,2023-06-06,COUPON,61.12
SGBJUN27,2019-20 Series I,IN0020190073,2023-06-06,COUPON,39.95
SGBDEC2512,2017-18 Series XII,IN0020170141,2023-06-12,COUPON,36.12
SGBJUN28,2020-21 Series III,IN0020200104,2023-06-13,COUPON,58.47
SGBDEC2513,2017-18 Series XIII,IN0020170158,2023-06-20,COUPON,35.83
SGBJAN26,2017-18 Series XIV,IN0020170166,2023-06-26,COUPON,36.02
SGBDE30III,2022-23 Series III,IN0020220110,2023-06-27,COUPON,67.61
SGBDEC26,2018-19 Series IV,IN0020180389,2023-06-27,COUPON,38.99
SGBJUN30,2022-23 Series I,IN0020220045,2023-06-27,COUPON,63.64
SGBJAN29IX,2020-21 Series IX,IN0020200377,2023-07-04,COUPON,62.5
SGBJUL27,2019-20 Series II,IN0020190081,2023-07-11,COUPON,43.04
SGBJUL28IV,2020-21 Series IV,IN0020200146,2023-07-11,COUPON,60.65
SGBJ28VIII,2019-20 Series VIII,IN0020190537,2023-07-18,COUPON,50.2
SGBJAN27,2018-19 Series V,IN0020180462,2023-07-18,COUPON,40.17
SGBJAN29X,2020-21 Series X,IN0020200385,2023-07-18,COUPON,63.8
SGBJAN30IX,2021-22 Series IX,IN0020210236,2023-07-18,COUPON,59.83
SGBJUL29IV,2021-22 Series IV,IN0020210111,2023-07-18,COUPON,60.09
SGBJULY25,2017-18 Series II,IN0020170034,2023-07-21,COUPON,35.38
SGBAUG24,2016-17 Series I,IN0020160027,2023-07-28,COUPON,38.99
SGBFEB24,2015-16 Series II,IN0020150101,2023-07-31,COUPON,35.75
SGBAUG28V,2020-21 Series V,IN0020200161,2023-08-08,COUPON,66.67
SGBFEB27,2018-19 Series VI,IN0020180561,2023-08-08,COUPON,41.58
SGBFEB28IX,2019-20 Series IX,IN0020190545,2023-08-08,COUPON,50.88
SGBFEB29XI,2020-21 Series XI,IN0020200393,2023-08-08,COUPON,61.4
SGBAUG27,2019-20 Series III,IN0020190107,2023-08-09,COUPON,43.74
SGBAUG29V,2021-22 Series V,IN0020210129,2023-08-15,COUPON,59.88
SGBAUG30,2022-23 Series II,IN0020220078,2023-08-29,COUPON,64.97
SGBMAR30X,2021-22 Series X,IN0020210319,2023-09-05,COUPON,63.87
SGBMR29XII,2020-21 Series XII,IN0020200427,2023-09-05,COUPON,58.27
SGBSEP28VI,2020-21 Series VI,IN0020200195,2023-09-05,COUPON,63.97
SGBSEP29VI,2021-22 Series VI,IN0020210145,2023-09-05,COUPON,59.15
SGBMAR28X,2019-20 Series X,IN0020190552,2023-09-06,COUPON,53.25
SGBMAR25,2016-17 Series IV,IN0020160126,2023-09-08,COUPON,36.79
SGBMAR31IV,2022-23 Series IV,IN0020220169,2023-09-12,COUPON,70.14
SGBSEP27,2019-20 Series IV,IN0020190115,2023-09-12,COUPON,48.62
SGBMAR24,2015-16 Series III,IN0020150119,2023-09-19,COUPON,40.09
SGBSEP24,2016-17 Series II,IN0020160043,2023-09-22,COUPON,39.38
SGBOCT25,2017-18 Series III,IN0020170059,2023-10-09,COUPON,36.95
SGBOCT27,2019-20 Series V,IN0020190370,2023-10-10,COUPON,47.35
SGBOCT25IV,2017-18 Series IV,IN0020170067,2023-10-16,COUPON,37.34
SGBOC28VII,2020-21 Series VII,IN0020200203,2023-10-17,COUPON,63.14
SGBOCT26,2018-19 Series II,IN0020180249,2023-10-17,COUPON,39.33
SGBOCT25V,2017-18 Series V,IN0020170075,2023-10-23,COUPON,37.14
SGBAPR28I,2020-21 Series I,IN0020200062,2023-10-24,COUPON,57.99
SGBOCT27VI,2019-20 Series VI,IN0020190388,2023-10-25,COUPON,47.94
SGBMAY26,2018-19 Series I,IN0020180033,2023-10-27,COUPON,38.92
SGBNOV25VI,2017-18 Series VI,IN0020170083,2023-10-30,COUPON,36.81
SGBNV29VII,2021-22 Series VII,IN0020210178,2023-10-31,COUPON,59.52
SGBMAY25,2017-18 Series I,IN0020170018,2023-11-03,COUPON,36.89
SGBNOV25,2017-18 Series VII,IN0020170091,2023-11-06,COUPON,36.67
SGBNOV26,2018-19 Series III,IN0020180314,2023-11-07,COUPON,39.79
SGBNOV24,2016-17 Series III,IN0020160076,2023-11-09,COUPON,37.59
SGBNOV258,2017-18 Series VIII,IN0020170109,2023-11-13,COUPON,37.02
SGBMAY28,2020-21 Series II,IN0020200088,2023-11-14,COUPON,57.38
SGBN28VIII,2020-21 Series VIII,IN0020200286,2023-11-15,COUPON,64.72
SGBNOV23,2015-16 Series I,IN0020150085,2023-11-20,COUPON,36.91
SGBNOV25IX,2017-18 Series IX,IN0020170117,2023-11-20,COUPON,37.05
SGBMAY29I,2021-22 Series I,IN0020210053,2023-11-21,COUPON,59.72
SGBDEC25,2017-18 Series X,IN0020170125,2023-11-27,COUPON,37.02
SGBJUN29II,2021-22 Series II,IN0020210061,2023-11-28,COUPON,60.52
SGBNOV23,2015-16 Series I,IN0020150085,2023-11-30,REDEMPTION,6132.0
SGBDEC25XI,2017-18 Series XI,IN0020170133,2023-12-04,COUPON,36.9
SGBD29VIII,2021-22 Series VIII,IN0020210228,2023-12-05,COUPON,59.89
SGBDC27VII,2019-20 Series VII,IN0020190461,2023-12-05,COUPON,47.44
SGBJU29III,2021-22 Series III,IN0020210087,2023-12-05,COUPON,61.12
SGBJUN27,2019-20 Series I,IN0020190073,2023-12-05,COUPON,39.95
SGBDEC2512,2017-18 Series XII,IN0020170141,2023-12-11,COUPON,36.12
SGBJUN28,2020-21 Series III,IN0020200104,2023-12-12,COUPON,58.47
SGBDEC2513,2017-18 Series XIII,IN0020170158,2023-12-19,COUPON,35.83
SGBJAN26,2017-18 Series XIV,IN0020170166,2023-12-25,COUPON,36.02
SGBDE30III,2022-23 Series III,IN0020220110,2023-12-26,COUPON,67.61
SGBDEC26,2018-19 Series IV,IN0020180389,2023-12-26,COUPON,38.99
SGBJUN30,2022-23 Series I,IN0020220045,2023-12-26,COUPON,63.64
SGBJUN31I,2023-24 Series I,IN0020230069,2023-12-26,COUPON,74.08
SGBJAN29IX,2020-21 Series IX,IN0020200377,2024-01-02,COUPON,62.5
SGBJUL27,2019-20 Series II,IN0020190081,2024-01-09,COUPON,43.04
SGBJUL28IV,2020-21 Series IV,IN0020200146,2024-01-09,COUPON,60.65
SGBJ28VIII,2019-20 Series VIII,IN0020190537,2024-01-16,COUPON,50.2
SGBJAN27,2018-19 Series V,IN0020180462,2024-01-16,COUPON,40.17
SGBJAN29X,2020-21 Series X,IN0020200385,2024-01-16,COUPON,63.8
SGBJAN30IX,2021-22 Series IX,IN0020210236,2024-01-16,COUPON,59.83
SGBJUL29IV,2021-22 Series IV,IN0020210111,2024-01-16,COUPON,60.09
SGBJULY25,2017-18 Series II,IN0020170034,2024-01-19,COUPON,35.38
SGBAUG24,2016-17 Series I,IN0020160027,2024-01-26,COUPON,38.99
SGBFEB24,2015-16 Series II,IN0020150101,2024-01-29,COUPON,35.75
SGBAUG28V,2020-21 Series V,IN0020200161,2024-02-06,COUPON,66.67
SGBFEB27,2018-19 Series VI,IN0020180561,2024-02-06,COUPON,41.58
SGBFEB28IX,2019-20 Series IX,IN0020190545,2024-02-06,COUPON,50.88
SGBFEB29XI,2020-21 Series XI,IN0020200393,2024-02-06,COUPON,61.4
SGBAUG27,2019-20 Series III,IN0020190107,2024-02-07,COUPON,43.74
SGBFEB24,2015-16 Series II,IN0020150101,2024-02-08,REDEMPTION,6271.0
SGBAUG29V,2021-22 Series V,IN0020210129,2024-02-13,COUPON,59.88
SGBAUG30,2022-23 Series II,IN0020220078,2024-02-27,COUPON,64.97
SGBMAR30X,2021-22 Series X,IN0020210319,2024-03-05,COUPON,63.87
SGBMR29XII,2020-21 Series XII,IN0020200427,2024-03-05,COUPON,58.27
SGBSEP28VI,2020-21 Series VI,IN0020200195,2024-03-05,COUPON,63.97
SGBSEP29VI,2021-22 Series VI,IN0020210145,2024-03-05,COUPON,59.15
SGBMAR28X,2019-20 Series X,IN0020190552,2024-03-06,COUPON,53.25
SGBMAR25,2016-17 Series IV,IN0020160126,2024-03-08,COUPON,36.79
SGBMAR31IV,2022-23 Series IV,IN0020220169,2024-03-12,COUPON,70.14
SGBSEP27,2019-20 Series IV,IN0020190115,2024-03-12,COUPON,48.62
SGBMAR24,2015-16 Series III,IN0020150119,2024-03-19,COUPON,40.09
SGBSEP31II,2023-24 Series II,IN0020230093,2024-03-20,COUPON,74.04
SGBSEP24,2016-17 Series II,IN0020160043,2024-03-22,COUPON,39.38
SGBMAR24,2015-16 Series III,IN0020150119,2024-03-29,REDEMPTION,6601.0
SGBOCT25,2017-18 Series III,IN0020170059,2024-04-08,COUPON,36.95
SGBOCT27,2019-20 Series V,IN0020190370,2024-04-09,COUPON,47.35
SGBOCT25IV,2017-18 Series IV,IN0020170067,2024-04-15,COUPON,37.34
SGBOC28VII,2020-21 Series VII,IN0020200203,2024-04-16,COUPON,63.14
SGBOCT26,2018-19 Series II,IN0020180249,2024-04-16,COUPON,39.33
SGBOCT25V,2017-18 Series V,IN0020170075,2024-04-22,COUPON,37.14
SGBAPR28I,2020-21 Series I,IN0020200062,2024-04-23,COUPON,57.99
SGBOCT27VI,2019-20 Series VI,IN0020190388,2024-04-24,COUPON,47.94
SGBMAY26,2018-19 Series I,IN0020180033,2024-04-26,COUPON,38.92
SGBNOV25VI,2017-18 Series VI,IN0020170083,2024-04-29,COUPON,36.81
SGBNV29VII,2021-22 Series VII,IN0020210178,2024-04-30,COUPON,59.52
SGBMAY25,2017-18 Series I,IN0020170018,2024-05-03,COUPON,36.89
SGBNOV25,2017-18 Series VII,IN0020170091,2024-05-06,COUPON,36.67
SGBNOV26,2018-19 Series III,IN0020180314,2024-05-07,COUPON,39.79
SGBNOV24,2016-17 Series III,IN0020160076,2024-05-09,COUPON,37.59
SGBNOV258,2017-18 Series VIII,IN0020170109,2024-05-13,COUPON,37.02
SGBMAY28,2020-21 Series II,IN0020200088,2024-05-14,COUPON,57.38
SGBN28VIII,2020-21 Series VIII,IN0020200286,2024-05-15,COUPON,64.72
SGBNOV25IX,2017-18 Series IX,IN0020170117,2024-05-20,COUPON,37.05
SGBMAY29I,2021-22 Series I,IN0020210053,2024-05-21,COUPON,59.72
SGBDEC25,2017-18 Series X,IN0020170125,2024-05-27,COUPON,37.02
SGBJUN29II,2021-22 Series II,IN0020210061,2024-05-28,COUPON,60.52
SGBDEC25XI,2017-18 Series XI,IN0020170133,2024-06-03,COUPON,36.9
SGBD29VIII,2021-22 Series VIII,IN0020210228,2024-06-04,COUPON,59.89
SGBDC27VII,2019-20 Series VII,IN0020190461,2024-06-04,COUPON,47.44
SGBJU29III,2021-22 Series III,IN0020210087,2024-06-04,COUPON,61.12
SGBJUN27,2019-20 Series I,IN0020190073,2024-06-04,COUPON,39.95
SGBDEC2512,2017-18 Series XII,IN0020170141,2024-06-10,COUPON,36.12
SGBJUN28,2020-21 Series III,IN0020200104,2024-06-11,COUPON,58.47
SGBDEC2513,2017-18 Series XIII,IN0020170158,2024-06-18,COUPON,35.83
SGBJAN26,2017-18 Series XIV,IN0020170166,2024-06-24,COUPON,36.02
SGBDE30III,2022-23 Series III,IN0020220110,2024-06-25,COUPON,67.61
SGBDEC26,2018-19 Series IV,IN0020180389,2024-06-25,COUPON,38.99
SGBJUN30,2022-23 Series I,IN0020220045,2024-06-25,COUPON,63.64
SGBJUN31I,2023-24 Series I,IN0020230069,2024-06-25,COUPON,74.08
SGBDE31III,2023-24 Series III,IN0020230168,2024-06-27,COUPON,77.49
SGBJAN29IX,2020-21 Series IX,IN0020200377,2024-07-02,COUPON,62.5
SGBJUL27,2019-20 Series II,IN0020190081,2024-07-09,COUPON,43.04
SGBJUL28IV,2020-21 Series IV,IN0020200146,2024-07-09,COUPON,60.65
SGBJ28VIII,2019-20 Series VIII,IN0020190537,2024-07-16,COUPON,50.2
SGBJAN27,2018-19 Series V,IN0020180462,2024-07-16,COUPON,40.17
SGBJAN29X,2020-21 Series X,IN0020200385,2024-07-16,COUPON,63.8
SGBJAN30IX,2021-22 Series IX,IN0020210236,2024-07-16,COUPON,59.83
SGBJUL29IV,2021-22 Series IV,IN0020210111,2024-07-16,COUPON,60.09
SGBJULY25,2017-18 Series II,IN0020170034,2024-07-19,COUPON,35.38
SGBAUG24,2016-17 Series I,IN0020160027,2024-07-26,COUPON,38.99
SGBAUG24,2016-17 Series I,IN0020160027,2024-08-05,REDEMPTION,6938.0
SGBAUG28V,2020-21 Series V,IN0020200161,2024-08-06,COUPON,66.67
SGBFEB27,2018-19 Series VI,IN0020180561,2024-08-06,COUPON,41.58
SGBFEB28IX,2019-20 Series IX,IN0020190545,2024-08-06,COUPON,50.88
SGBFEB29XI,2020-21 Series XI,IN0020200393,2024-08-06,COUPON,61.4
SGBAUG27,2019-20 Series III,IN0020190107,2024-08-07,COUPON,43.74
SGBAUG29V,2021-22 Series V,IN0020210129,2024-08-13,COUPON,59.88
SGBFEB32IV,2023-24 Series IV,IN0020230184,2024-08-21,COUPON,78.29
SGBAUG30,2022-23 Series II,IN0020220078,2024-08-27,COUPON,64.97
SGBMAR30X,2021-22 Series X,IN0020210319,2024-09-03,COUPON,63.87
SGBMR29XII,2020-21 Series XII,IN0020200427,2024-09-03,COUPON,58.27
SGBSEP28VI,2020-21 Series VI,IN0020200195,2024-09-03,COUPON,63.97
SGBSEP29VI,2021-22 Series VI,IN0020210145,2024-09-03,COUPON,59.15
SGBMAR28X,2019-20 Series X,IN0020190552,2024-09-04,COUPON,53.25
SGBMAR25,2016-17 Series IV,IN0020160126,2024-09-06,COUPON,36.79
SGBMAR31IV,2022-23 Series IV,IN0020220169,2024-09-10,COUPON,70.14
SGBSEP27,2019-20 Series IV,IN0020190115,2024-09-10,COUPON,48.62
SGBSEP31II,2023-24 Series II,IN0020230093,2024-09-18,COUPON,74.04
SGBSEP24,2016-17 Series II,IN0020160043,2024-09-20,COUPON,39.38
SGBSEP24,2016-17 Series II,IN0020160043,2024-09-30,REDEMPTION,7517.0
SGBOCT25,2017-18 Series III,IN0020170059,2024-10-07,COUPON,36.95
SGBOCT27,2019-20 Series V,IN0020190370,2024-10-08,COUPON,47.35
SGBOCT25IV,2017-18 Series IV,IN0020170067,2024-10-14,COUPON,37.34
SGBOC28VII,2020-21 Series VII,IN0020200203,2024-10-15,COUPON,63.14
SGBOCT26,2018-19 Series II,IN0020180249,2024-10-15,COUPON,39.33
SGBOCT25V,2017-18 Series V,IN0020170075,2024-10-21,COUPON,37.14
SGBAPR28I,2020-21 Series I,IN0020200062,2024-10-22,COUPON,57.99
SGBOCT27VI,2019-20 Series VI,IN0020190388,2024-10-23,COUPON,47.94
SGBMAY26,2018-19 Series I,IN0020180033,2024-10-25,COUPON,38.92
SGBNOV25VI,2017-18 Series VI,IN0020170083,2024-10-28,COUPON,36.81
SGBNV29VII,2021-22 Series VII,IN0020210178,2024-10-29,COUPON,59.52
SGBMAY25,2017-18 Series I,IN0020170018,2024-11-01,COUPON,36.89
SGBNOV25,2017-18 Series VII,IN0020170091,2024-11-04,COUPON,36.67
SGBNOV26,2018-19 Series III,IN0020180314,2024-11-05,COUPON,39.79
SGBNOV24,2016-17 Series III,IN0020160076,2024-11-07,COUPON,37.59
SGBNOV258,2017-18 Series VIII,IN0020170109,2024-11-11,COUPON,37.02
SGBMAY28,2020-21 Series II,IN0020200088,2024-11-12,COUPON,57.38
SGBN28VIII,2020-21 Series VIII,IN0020200286,2024-11-13,COUPON,64.72
SGBNOV24,2016-17 Series III,IN0020160076,2024-11-17,REDEMPTION,7737.0
SGBNOV25IX,2017-18 Series IX,IN0020170117,2024-11-18,COUPON,37.05
SGBMAY29I,2021-22 Series I,IN0020210053,2024-11-19,COUPON,59.72
SGBDEC25,2017-18 Series X,IN0020170125,2024-11-25,COUPON,37.02
SGBJUN29II,2021-22 Series II,IN0020210061,2024-11-26,COUPON,60.52
SGBDEC25XI,2017-18 Series XI,IN0020170133,2024-12-02,COUPON,36.9
SGBD29VIII,2021-22 Series VIII,IN0020210228,2024-12-03,COUPON,59.89
SGBDC27VII,2019-20 Series VII,IN0020190461,2024-12-03,COUPON,47.44
SGBJU29III,2021-22 Series III,IN0020210087,2024-12-03,COUPON,61.12
SGBJUN27,2019-20 Series I,IN0020190073,2024-12-03,COUPON,39.95
SGBDEC2512,2017-18 Series XII,IN0020170141,2024-12-09,COUPON,36.12
SGBJUN28,2020-21 Series III,IN0020200104,2024-12-10,COUPON,58.47
SGBDEC2513,2017-18 Series XIII,IN0020170158,2024-12-17,COUPON,35.83
SGBJAN26,2017-18 Series XIV,IN0020170166,2024-12-23,COUPON,36.02
SGBDE30III,2022-23 Series III,IN0020220110,2024-12-24,COUPON,67.61
SGBDEC26,2018-19 Series IV,IN0020180389,2024-12-24,COUPON,38.99
SGBJUN30,2022-23 Series I,IN0020220045,2024-12-24,COUPON,63.64
SGBJUN31I,2023-24 Series I,IN0020230069,2024-12-24,COUPON,74.08
SGBDE31III,2023-24 Series III,IN0020230168,2024-12-26,COUPON,77.49
SGBJAN29IX,2020-21 Series IX,IN0020200377,2024-12-31,COUPON,62.5
SGBJUL27,2019-20 Series II,IN0020190081,2025-01-07,COUPON,43.04
SGBJUL28IV,2020-21 Series IV,IN0020200146,2025-01-07,COUPON,60.65
SGBJ28VIII,2019-20 Series VIII,IN0020190537,2025-01-14,COUPON,50.2
SGBJAN27,2018-19 Series V,IN0020180462,2025-01-14,COUPON,40.17
SGBJAN29X,2020-21 Series X,IN0020200385,2025-01-14,COUPON,63.8
SGBJAN30IX,2021-22 Series IX,IN0020210236,2025-01-14,COUPON,59.83
SGBJUL29IV,2021-22 Series IV,IN0020210111,2025-01-14,COUPON,60.09
SGBJULY25,2017-18 Series II,IN0020170034,2025-01-17,COUPON,35.38
SGBAUG28V,2020-21 Series V,IN0020200161,2025-02-04,COUPON,66.67
SGBFEB27,2018-19 Series VI,IN0020180561,2025-02-04,COUPON,41.58
SGBFEB28IX,2019-20 Series IX,IN0020190545,2025-02-04,COUPON,50.88
SGBFEB29XI,2020-21 Series XI,IN0020200393,2025-02-04,COUPON,61.4
SGBAUG27,2019-20 Series III,IN0020190107,2025-02-05,COUPON,43.74
SGBAUG29V,2021-22 Series V,IN0020210129,2025-02-11,COUPON,59.88
SGBFEB32IV,2023-24 Series IV,IN0020230184,2025-02-19,COUPON,78.29
SGBAUG30,2022-23 Series II,IN0020220078,2025-02-25,COUPON,64.97
SGBMAR30X,2021-22 Series X,IN0020210319,2025-03-04,COUPON,63.87
SGBMR29XII,2020-21 Series XII,IN0020200427,2025-03-04,COUPON,58.27
SGBSEP28VI,2020-21 Series VI,IN0020200195,2025-03-04,COUPON,63.97
SGBSEP29VI,2021-22 Series VI,IN0020210145,2025-03-04,COUPON,59.15
SGBMAR28X,2019-20 Series X,IN0020190552,2025-03-05,COUPON,53.25
SGBMAR25,2016-17 Series IV,IN0020160126,2025-03-07,COUPON,36.79
SGBMAR31IV,2022-23 Series IV,IN0020220169,2025-03-11,COUPON,70.14
SGBSEP27,2019-20 Series IV,IN0020190115,2025-03-11,COUPON,48.62
SGBMAR25,2016-17 Series IV,IN0020160126,2025-03-17,REDEMPTION,8720.0
SGBSEP31II,2023-24 Series II,IN0020230093,2025-03-19,COUPON,74.04
SGBOCT25,2017-18 Series III,IN0020170059,2025-04-07,COUPON,36.95
SGBOCT27,2019-20 Series V,IN0020190370,2025-04-08,COUPON,47.35
SGBOCT25IV,2017-18 Series IV,IN0020170067,2025-04-14,COUPON,37.34
SGBOC28VII,2020-21 Series VII,IN0020200203,2025-04-15,COUPON,63.14
SGBOCT26,2018-19 Series II,IN0020180249,2025-04-15,COUPON,39.33
SGBOCT25V,2017-18 Series V,IN0020170075,2025-04-21,COUPON,37.14
SGBAPR28I,2020-21 Series I,IN0020200062,2025-04-22,COUPON,57.99
SGBOCT27VI,2019-20 Series VI,IN0020190388,2025-04-23,COUPON,47.94
SGBMAY26,2018-19 Series I,IN0020180033,2025-04-25,COUPON,38.92
SGBNOV25VI,2017-18 Series VI,IN0020170083,2025-04-28,COUPON,36.81
SGBNV29VII,2021-22 Series VII,IN0020210178,2025-04-29,COUPON,59.52
SGBMAY25,2017-18 Series I,IN0020170018,2025-05-02,COUPON,36.89
SGBNOV25,2017-18 Series VII,IN0020170091,2025-05-05,COUPON,36.67
SGBNOV26,2018-19 Series III,IN0020180314,2025-05-06,COUPON,39.79
SGBMAY25,2017-18 Series I,IN0020170018,2025-05-12,REDEMPTION,9240.0
SGBNOV258,2017-18 Series VIII,IN0020170109,2025-05-12,COUPON,37.02
SGBMAY28,2020-21 Series II,IN0020200088,2025-05-13,COUPON,57.38
SGBN28VIII,2020-21 Series VIII,IN0020200286,2025-05-14,COUPON,64.72
SGBNOV25IX,2017-18 Series IX,IN0020170117,2025-05-19,COUPON,37.05
SGBMAY29I,2021-22 Series I,IN0020210053,2025-05-20,COUPON,59.72
SGBDEC25,2017-18 Series X,IN0020170125,2025-05-26,COUPON,37.02
SGBJUN29II,2021-22 Series II,IN0020210061,2025-05-27,COUPON,60.52
SGBDEC25XI,2017-18 Series XI,IN0020170133,2025-06-02,COUPON,36.9
SGBD29VIII,2021-22 Series VIII,IN0020210228,2025-06-03,COUPON,59.89
SGBDC27VII,2019-20 Series VII,IN0020190461,2025-06-03,COUPON,47.44
SGBJU29III,2021-22 Series III,IN0020210087,2025-06-03,COUPON,61.12
SGBJUN27,2019-20 Series I,IN0020190073,2025-06-03,COUPON,39.95
SGBDEC2512,2017-18 Series XII,IN0020170141,2025-06-09,COUPON,36.12
SGBJUN28,2020-21 Series III,IN0020200104,2025-06-10,COUPON,58.47
SGBDEC2513,2017-18 Series XIII,IN0020170158,2025-06-17,COUPON,35.83
SGBJAN26,2017-18 Series XIV,IN0020170166,2025-06-23,COUPON,36.02
SGBDE30III,2022-23 Series III,IN0020220110,2025-06-24,COUPON,67.61
SGBDEC26,2018-19 Series IV,IN0020180389,2025-06-24,COUPON,38.99
SGBJUN30,2022-23 Series I,IN0020220045,2025-06-24,COUPON,63.64
SGBJUN31I,2023-24 Series I,IN0020230069,2025-06-24,COUPON,74.08
SGBDE31III,2023-24 Series III,IN0020230168,2025-06-26,COUPON,77.49
SGBJAN29IX,2020-21 Series IX,IN0020200377,2025-07-01,COUPON,62.5
SGBJUL27,2019-20 Series II,IN0020190081,2025-07-08,COUPON,43.04
SGBJUL28IV,2020-21 Series IV,IN0020200146,2025-07-08,COUPON,60.65
SGBJ28VIII,2019-20 Series VIII,IN0020190537,2025-07-15,COUPON,50.2
SGBJAN27,2018-19 Series V,IN0020180462,2025-07-15,COUPON,40.17
SGBJAN29X,2020-21 Series X,IN0020200385,2025-07-15,COUPON,63.8
SGBJAN30IX,2021-22 Series IX,IN0020210236,2025-07-15,COUPON,59.83
SGBJUL29IV,2021-22 Series IV,IN0020210111,2025-07-15,COUPON,60.09
SGBJULY25,2017-18 Series II,IN0020170034,2025-07-18,COUPON,35.38
SGBJULY25,2017-18 Series II,IN0020170034,2025-07-28,REDEMPTION,9850.0
SGBAUG28V,2020-21 Series V,IN0020200161,2025-08-05,COUPON,66.67
SGBFEB27,2018-19 Series VI,IN0020180561,2025-08-05,COUPON,41.58
SGBFEB28IX,2019-20 Series IX,IN0020190545,2025-08-05,COUPON,50.88
SGBFEB29XI,2020-21 Series XI,IN0020200393,2025-08-05,COUPON,61.4
SGBAUG27,2019-20 Series III,IN0020190107,2025-08-06,COUPON,43.74
SGBAUG29V,2021-22 Series V,IN0020210129,2025-08-12,COUPON,59.88
SGBFEB32IV,2023-24 Series IV,IN0020230184,2025-08-20,COUPON,78.29
SGBAUG30,2022-23 Series II,IN0020220078,2025-08-26,COUPON,64.97
SGBMAR30X,2021-22 Series X,IN0020210319,2025-09-02,COUPON,63.87
SGBMR29XII,2020-21 Series XII,IN0020200427,2025-09-02,COUPON,58.27
SGBSEP28VI,2020-21 Series VI,IN0020200195,2025-09-02,COUPON,63.97
SGBSEP29VI,2021-22 Series VI,IN0020210145,2025-09-02,COUPON,59.15
SGBMAR28X,2019-20 Series X,IN0020190552,2025-09-03,COUPON,53.25
SGBMAR31IV,2022-23 Series IV,IN0020220169,2025-09-09,COUPON,70.14
SGBSEP27,2019-20 Series IV,IN0020190115,2025-09-09,COUPON,48.62
SGBSEP31II,2023-24 Series II,IN0020230093,2025-09-17,COUPON,74.04
SGBOCT25,2017-18 Series III,IN0020170059,2025-10-06,COUPON,36.95
SGBOCT27,2019-20 Series V,IN0020190370,2025-10-07,COUPON,47.35
SGBOCT25IV,2017-18 Series IV,IN0020170067,2025-10-13,COUPON,37.34
SGBOC28VII,2020-21 Series VII,IN0020200203,2025-10-14,COUPON,63.14
SGBOCT26,2018-19 Series II,IN0020180249,2025-10-14,COUPON,39.33
SGBOCT25,2017-18 Series III,IN0020170059,2025-10-16,REDEMPTION,10120.0
SGBOCT25V,2017-18 Series V,IN0020170075,2025-10-20,COUPON,37.14
SGBAPR28I,2020-21 Series I,IN0020200062,2025-10-21,COUPON,57.99
SGBOCT27VI,2019-20 Series VI,IN0020190388,2025-10-22,COUPON,47.94
SGBOCT25IV,2017-18 Series IV,IN0020170067,2025-10-23,REDEMPTION,10140.0
SGBMAY26,2018-19 Series I,IN0020180033,2025-10-24,COUPON,38.92
SGBNOV25VI,2017-18 Series VI,IN0020170083,2025-10-27,COUPON,36.81
SGBNV29VII,2021-22 Series VII,IN0020210178,2025-10-28,COUPON,59.52
SGBOCT25V,2017-18 Series V,IN0020170075,2025-10-30,REDEMPTION,10150.0
SGBNOV25,2017-18 Series VII,IN0020170091,2025-11-03,COUPON,36.67
SGBNOV26,2018-19 Series III,IN0020180314,2025-11-04,COUPON,39.79
SGBNOV25VI,2017-18 Series VI,IN0020170083,2025-11-06,REDEMPTION,10180.0
SGBNOV258,2017-18 Series VIII,IN0020170109,2025-11-10,COUPON,37.02
SGBMAY28,2020-21 Series II,IN0020200088,2025-11-11,COUPON,57.38
SGBN28VIII,2020-21 Series VIII,IN0020200286,2025-11-12,COUPON,64.72
SGBNOV25,2017-18 Series VII,IN0020170091,2025-11-13,REDEMPTION,10210.0
SGBNOV25IX,2017-18 Series IX,IN0020170117,2025-11-17,COUPON,37.05
SGBMAY29I,2021-22 Series I,IN0020210053,2025-11-18,COUPON,59.72
SGBNOV258,2017-18 Series VIII,IN0020170109,2025-11-20,REDEMPTION,10250.0
SGBDEC25,2017-18 Series X,IN0020170125,2025-11-24,COUPON,37.02
SGBJUN29II,2021-22 Series II,IN0020210061,2025-11-25,COUPON,60.52
SGBNOV25IX,2017-18 Series IX,IN0020170117,2025-11-27,REDEMPTION,10280.0
SGBDEC25XI,2017-18 Series XI,IN0020170133,2025-12-01,COUPON,36.9
SGBD29VIII,2021-22 Series VIII,IN0020210228,2025-12-02,COUPON,59.89
SGBDC27VII,2019-20 Series VII,IN0020190461,2025-12-02,COUPON,47.44
SGBJU29III,2021-22 Series III,IN0020210087,2025-12-02,COUPON,61.12
SGBJUN27,2019-20 Series I,IN0020190073,2025-12-02,COUPON,39.95
SGBDEC25,2017-18 Series X,IN0020170125,2025-12-04,REDEMPTION,10330.0
SGBDEC2512,2017-18 Series XII,IN0020170141,2025-12-08,COUPON,36.12
SGBJUN28,2020-21 Series III,IN0020200104,2025-12-09,COUPON,58.47
SGBDEC25XI,2017-18 Series XI,IN0020170133,2025-12-11,REDEMPTION,10350.0
SGBDEC2513,2017-18 Series XIII,IN0020170158,2025-12-16,COUPON,35.83
SGBDEC2512,2017-18 Series XII,IN0020170141,2025-12-18,REDEMPTION,10380.0
SGBJAN26,2017-18 Series XIV,IN0020170166,2025-12-22,COUPON,36.02
SGBDE30III,2022-23 Series III,IN0020220110,2025-12-23,COUPON,67.61
SGBDEC26,2018-19 Series IV,IN0020180389,2025-12-23,COUPON,38.99
SGBJUN30,2022-23 Series I,IN0020220045,2025-12-23,COUPON,63.64
SGBJUN31I,2023-24 Series I,IN0020230069,2025-12-23,COUPON,74.08
SGBDE31III,2023-24 Series III,IN0020230168,2025-12-25,COUPON,77.49
SGBDEC2513,2017-18 Series XIII,IN0020170158,2025-12-26,REDEMPTION,10400.0
SGBJAN29IX,2020-21 Series IX,IN0020200377,2025-12-30,COUPON,62.5
SGBJAN26,2017-18 Series XIV,IN0020170166,2026-01-01,REDEMPTION,10420.0
SGBJUL27,2019-20 Series II,IN0020190081,2026-01-06,COUPON,43.04
SGBJUL28IV,2020-21 Series IV,IN0020200146,2026-01-06,COUPON,60.65
SGBJ28VIII,2019-20 Series VIII,IN0020190537,2026-01-13,COUPON,50.2
SGBJAN27,2018-19 Series V,IN0020180462,2026-01-13,COUPON,40.17
SGBJAN29X,2020-21 Series X,IN0020200385,2026-01-13,COUPON,63.8
SGBJAN30IX,2021-22 Series IX,IN0020210236,2026-01-13,COUPON,59.83
SGBJUL29IV,2021-22 Series IV,IN0020210111,2026-01-13,COUPON,60.09
SGBAUG28V,2020-21 Series V,IN0020200161,2026-02-03,COUPON,66.67
SGBFEB27,2018-19 Series VI,IN0020180561,2026-02-03,COUPON,41.58
SGBFEB28IX,2019-20 Series IX,IN0020190545,2026-02-03,COUPON,50.88
SGBFEB29XI,2020-21 Series XI,IN0020200393,2026-02-03,COUPON,61.4
SGBAUG27,2019-20 Series III,IN0020190107,2026-02-04,COUPON,43.74
SGBAUG29V,2021-22 Series V,IN0020210129,2026-02-10,COUPON,59.88
SGBFEB32IV,2023-24 Series IV,IN0020230184,2026-02-18,COUPON,78.29
SGBAUG30,2022-23 Series II,IN0020220078,2026-02-24,COUPON,64.97
SGBMAR30X,2021-22 Series X,IN0020210319,2026-03-03,COUPON,63.87
SGBMR29XII,2020-21 Series XII,IN0020200427,2026-03-03,COUPON,58.27
SGBSEP28VI,2020-21 Series VI,IN0020200195,2026-03-03,COUPON,63.97
SGBSEP29VI,2021-22 Series VI,IN0020210145,2026-03-03,COUPON,59.15
SGBMAR28X,2019-20 Series X,IN0020190552,2026-03-04,COUPON,53.25
SGBMAR31IV,2022-23 Series IV,IN0020220169,2026-03-10,COUPON,70.14
SGBSEP27,2019-20 Series IV,IN0020190115,2026-03-10,COUPON,48.62
SGBSEP31II,2023-24 Series II,IN0020230093,2026-03-18,COUPON,74.04
SGBOCT27,2019-20 Series V,IN0020190370,2026-04-07,COUPON,47.35
SGBOC28VII,2020-21 Series VII,IN0020200203,2026-04-14,COUPON,63.14
SGBOCT26,2018-19 Series II,IN0020180249,2026-04-14,COUPON,39.33
SGBAPR28I,2020-21 Series I,IN0020200062,2026-04-21,COUPON,57.99
SGBOCT27VI,2019-20 Series VI,IN0020190388,2026-04-22,COUPON,47.94
SGBMAY26,2018-19 Series I,IN0020180033,2026-04-24,COUPON,38.92
SGBNV29VII,2021-22 Series VII,IN0020210178,2026-04-28,COUPON,59.52
SGBMAY26,2018-19 Series I,IN0020180033,2026-05-04,REDEMPTION,10500.0
SGBNOV26,2018-19 Series III,IN0020180314,2026-05-05,COUPON,39.79
SGBMAY28,2020-21 Series II,IN0020200088,2026-05-12,COUPON,57.38
SGBN28VIII,2020-21 Series VIII,IN0020200286,2026-05-13,COUPON,64.72
SGBMAY29I,2021-22 Series I,IN0020210053,2026-05-19,COUPON,59.72
SGBJUN29II,2021-22 Series II,IN0020210061,2026-05-26,COUPON,60.52
SGBD29VIII,2021-22 Series VIII,IN0020210228,2026-06-02,COUPON,59.89
SGBDC27VII,2019-20 Series VII,IN0020190461,2026-06-02,COUPON,47.44
SGBJU29III,2021-22 Series III,IN0020210087,2026-06-02,COUPON,61.12
SGBJUN27,2019-20 Series I,IN0020190073,2026-06-02,COUPON,39.95
SGBJUN28,2020-21 Series III,IN0020200104,2026-06-09,COUPON,58.47
SGBDE30III,2022-23 Series III,IN0020220110,2026-06-23,COUPON,67.61
SGBDEC26,2018-19 Series IV,IN0020180389,2026-06-23,COUPON,38.99
SGBJUN30,2022-23 Series I,IN0020220045,2026-06-23,COUPON,63.64
SGBJUN31I,2023-24 Series I,IN0020230069,2026-06-23,COUPON,74.08
SGBDE31III,2023-24 Series III,IN0020230168,2026-06-25,COUPON,77.49
SGBJAN29IX,2020-21 Series IX,IN0020200377,2026-06-30,COUPON,62.5
SGBJUL27,2019-20 Series II,IN0020190081,2026-07-07,COUPON,43.04
SGBJUL28IV,2020-21 Series IV,IN0020200146,2026-07-07,COUPON,60.65
SGBJ28VIII,2019-20 Series VIII,IN0020190537,2026-07-14,COUPON,50.2
SGBJAN27,2018-19 Series V,IN0020180462,2026-07-14,COUPON,40.17
SGBJAN29X,2020-21 Series X,IN0020200385,2026-07-14,COUPON,63.8
SGBJAN30IX,2021-22 Series IX,IN0020210236,2026-07-14,COUPON,59.83
SGBJUL29IV,2021-22 Series IV,IN0020210111,2026-07-14,COUPON,60.09
SGBAUG28V,2020-21 Series V,IN0020200161,2026-08-04,COUPON,66.67
SGBFEB27,2018-19 Series VI,IN0020180561,2026-08-04,COUPON,41.58
SGBFEB28IX,2019-20 Series IX,IN0020190545,2026-08-04,COUPON,50.88
SGBFEB29XI,2020-21 Series XI,IN0020200393,2026-08-04,COUPON,61.4
SGBAUG27,2019-20 Series III,IN0020190107,2026-08-05,COUPON,43.74
SGBAUG29V,2021-22 Series V,IN0020210129,2026-08-11,COUPON,59.88
SGBFEB32IV,2023-24 Series IV,IN0020230184,2026-08-19,COUPON,78.29
SGBAUG30,2022-23 Series II,IN0020220078,2026-08-25,COUPON,64.97
SGBMAR30X,2021-22 Series X,IN0020210319,2026-09-01,COUPON,63.87
SGBMR29XII,2020-21 Series XII,IN0020200427,2026-09-01,COUPON,58.27
SGBSEP28VI,2020-21 Series VI,IN0020200195,2026-09-01,COUPON,63.97
SGBSEP29VI,2021-22 Series VI,IN0020210145,2026-09-01,COUPON,59.15
SGBMAR28X,2019-20 Series X,IN0020190552,2026-09-02,COUPON,53.25
SGBMAR31IV,2022-23 Series IV,IN0020220169,2026-09-08,COUPON,70.14
SGBSEP27,2019-20 Series IV,IN0020190115,2026-09-08,COUPON,48.62
SGBSEP31II,2023-24 Series II,IN0020230093,2026-09-16,COUPON,74.04
SGBOCT27,2019-20 Series V,IN0020190370,2026-10-06,COUPON,47.35
SGBOC28VII,2020-21 Series VII,IN0020200203,2026-10-13,COUPON,63.14
SGBOCT26,2018-19 Series II,IN0020180249,2026-10-13,COUPON,39.33
SGBAPR28I,2020-21 Series I,IN0020200062,2026-10-20,COUPON,57.99
SGBOCT27VI,2019-20 Series VI,IN0020190388,2026-10-21,COUPON,47.94
SGBOCT26,2018-19 Series II,IN0020180249,2026-10-23,REDEMPTION,3146.0
SGBNV29VII,2021-22 Series VII,IN0020210178,2026-10-27,COUPON,59.52
SGBNOV26,2018-19 Series III,IN0020180314,2026-11-03,COUPON,39.79
SGBMAY28,2020-21 Series II,IN0020200088,2026-11-10,COUPON,57.38
SGBN28VIII,2020-21 Series VIII,IN0020200286,2026-11-11,COUPON,64.72
SGBNOV26,2018-19 Series III,IN0020180314,2026-11-13,REDEMPTION,3183.0
SGBMAY29I,2021-22 Series I,IN0020210053,2026-11-17,COUPON,59.72
SGBJUN29II,2021-22 Series II,IN0020210061,2026-11-24,COUPON,60.52
SGBD29VIII,2021-22 Series VIII,IN0020210228,2026-12-01,COUPON,59.89
SGBDC27VII,2019-20 Series VII,IN0020190461,2026-12-01,COUPON,47.44
SGBJU29III,2021-22 Series III,IN0020210087,2026-12-01,COUPON,61.12
SGBJUN27,2019-20 Series I,IN0020190073,2026-12-01,COUPON,39.95
SGBJUN28,2020-21 Series III,IN0020200104,2026-12-08,COUPON,58.47
SGBDE30III,2022-23 Series III,IN0020220110,2026-12-22,COUPON,67.61
SGBDEC26,2018-19 Series IV,IN0020180389,2026-12-22,COUPON,38.99
SGBJUN30,2022-23 Series I,IN0020220045,2026-12-22,COUPON,63.64
SGBJUN31I,2023-24 Series I,IN0020230069,2026-12-22,COUPON,74.08
SGBDE31III,2023-24 Series III,IN0020230168,2026-12-24,COUPON,77.49
SGBJAN29IX,2020-21 Series IX,IN0020200377,2026-12-29,COUPON,62.5
SGBDEC26,2018-19 Series IV,IN0020180389,2027-01-01,REDEMPTION,3119.0
SGBJUL27,2019-20 Series II,IN0020190081,2027-01-05,COUPON,43.04
SGBJUL28IV,2020-21 Series IV,IN0020200146,2027-01-05,COUPON,60.65
SGBJ28VIII,2019-20 Series VIII,IN0020190537,2027-01-12,COUPON,50.2
SGBJAN27,2018-19 Series V,IN0020180462,2027-01-12,COUPON,40.17
SGBJAN29X,2020-21 Series X,IN0020200385,2027-01-12,COUPON,63.8
SGBJAN30IX,2021-22 Series IX,IN0020210236,2027-01-12,COUPON,59.83
SGBJUL29IV,2021-22 Series IV,IN0020210111,2027-01-12,COUPON,60.09
SGBJAN27,2018-19 Series V,IN0020180462,2027-01-22,REDEMPTION,3214.0
SGBAUG28V,2020-21 Series V,IN0020200161,2027-02-02,COUPON,66.67
SGBFEB27,2018-19 Series VI,IN0020180561,2027-02-02,COUPON,41.58
SGBFEB28IX,2019-20 Series IX,IN0020190545,2027-02-02,COUPON,50.88
SGBFEB29XI,2020-21 Series XI,IN0020200393,2027-02-02,COUPON,61.4
SGBAUG27,2019-20 Series III,IN0020190107,2027-02-03,COUPON,43.74
SGBAUG29V,2021-22 Series V,IN0020210129,2027-02-09,COUPON,59.88
SGBFEB27,2018-19 Series VI,IN0020180561,2027-02-12,REDEMPTION,3326.0
SGBFEB32IV,2023-24 Series IV,IN0020230184,2027-02-17,COUPON,78.29
SGBAUG30,2022-23 Series II,IN0020220078,2027-02-23,COUPON,64.97
SGBMAR30X,2021-22 Series X,IN0020210319,2027-03-02,COUPON,63.87
SGBMR29XII,2020-21 Series XII,IN0020200427,2027-03-02,COUPON,58.27
SGBSEP28VI,2020-21 Series VI,IN0020200195,2027-03-02,COUPON,63.97
SGBSEP29VI,2021-22 Series VI,IN0020210145,2027-03-02,COUPON,59.15
SGBMAR28X,2019-20 Series X,IN0020190552,2027-03-03,COUPON,53.25
SGBMAR31IV,2022-23 Series IV,IN0020220169,2027-03-09,COUPON,70.14
SGBSEP27,2019-20 Series IV,IN0020190115,2027-03-09,COUPON,48.62
SGBSEP31II,2023-24 Series II,IN0020230093,2027-03-17,COUPON,74.04
SGBOCT27,2019-20 Series V,IN0020190370,2027-04-06,COUPON,47.35
SGBOC28VII,2020-21 Series VII,IN0020200203,2027-04-13,COUPON,63.14
SGBAPR28I,2020-21 Series I,IN0020200062,2027-04-20,COUPON,57.99
SGBOCT27VI,2019-20 Series VI,IN0020190388,2027-04-21,COUPON,47.94
SGBNV29VII,2021-22 Series VII,IN0020210178,2027-04-27,COUPON,59.52
SGBMAY28,2020-21 Series II,IN0020200088,2027-05-11,COUPON,57.38
SGBN28VIII,2020-21 Series VIII,IN0020200286,2027-05-12,COUPON,64.72
SGBMAY29I,2021-22 Series I,IN0020210053,2027-05-18,COUPON,59.72
SGBJUN29II,2021-22 Series II,IN0020210061,2027-05-25,COUPON,60.52
SGBD29VIII,2021-22 Series VIII,IN0020210228,2027-06-01,COUPON,59.89
SGBDC27VII,2019-20 Series VII,IN0020190461,2027-06-01,COUPON,47.44
SGBJU29III,2021-22 Series III,IN0020210087,2027-06-01,COUPON,61.12
SGBJUN27,2019-20 Series I,IN0020190073,2027-06-01,COUPON,39.95
SGBJUN28,2020-21 Series III,IN0020200104,2027-06-08,COUPON,58.47
SGBJUN27,2019-20 Series I,IN0020190073,2027-06-11,REDEMPTION,3196.0
SGBDE30III,2022-23 Series III,IN0020220110,2027-06-22,COUPON,67.61
SGBJUN30,2022-23 Series I,IN0020220045,2027-06-22,COUPON,63.64
SGBJUN31I,2023-24 Series I,IN0020230069,2027-06-22,COUPON,74.08
SGBDE31III,2023-24 Series III,IN0020230168,2027-06-24,COUPON,77.49
SGBJAN29IX,2020-21 Series IX,IN0020200377,2027-06-29,COUPON,62.5
SGBJUL27,2019-20 Series II,IN0020190081,2027-07-06,COUPON,43.04
SGBJUL28IV,2020-21 Series IV,IN0020200146,2027-07-06,COUPON,60.65
SGBJ28VIII,2019-20 Series VIII,IN0020190537,2027-07-13,COUPON,50.2
SGBJAN29X,2020-21 Series X,IN0020200385,2027-07-13,COUPON,63.8
SGBJAN30IX,2021-22 Series IX,IN0020210236,2027-07-13,COUPON,59.83
SGBJUL29IV,2021-22 Series IV,IN0020210111,2027-07-13,COUPON,60.09
SGBJUL27,2019-20 Series II,IN0020190081,2027-07-16,REDEMPTION,3443.0
SGBAUG28V,2020-21 Series V,IN0020200161,2027-08-03,COUPON,66.67
SGBFEB28IX,2019-20 Series IX,IN0020190545,2027-08-03,COUPON,50.88
SGBFEB29XI,2020-21 Series XI,IN0020200393,2027-08-03,COUPON,61.4
SGBAUG27,2019-20 Series III,IN0020190107,2027-08-04,COUPON,43.74
SGBAUG29V,2021-22 Series V,IN0020210129,2027-08-10,COUPON,59.88
SGBAUG27,2019-20 Series III,IN0020190107,2027-08-14,REDEMPTION,3499.0
SGBFEB32IV,2023-24 Series IV,IN0020230184,2027-08-18,COUPON,78.29
SGBAUG30,2022-23 Series II,IN0020220078,2027-08-24,COUPON,64.97
SGBMAR30X,2021-22 Series X,IN0020210319,2027-08-31,COUPON,63.87
SGBMR29XII,2020-21 Series XII,IN0020200427,2027-08-31,COUPON,58.27
SGBSEP28VI,2020-21 Series VI,IN0020200195,2027-08-31,COUPON,63.97
SGBSEP29VI,2021-22 Series VI,IN0020210145,2027-08-31,COUPON,59.15
SGBMAR28X,2019-20 Series X,IN0020190552,2027-09-01,COUPON,53.25
SGBMAR31IV,2022-23 Series IV,IN0020220169,2027-09-07,COUPON,70.14
SGBSEP27,2019-20 Series IV,IN0020190115,2027-09-07,COUPON,48.62
SGBSEP31II,2023-24 Series II,IN0020230093,2027-09-15,COUPON,74.04
SGBSEP27,2019-20 Series IV,IN0020190115,2027-09-17,REDEMPTION,3890.0
SGBOCT27,2019-20 Series V,IN0020190370,2027-10-05,COUPON,47.35
SGBOC28VII,2020-21 Series VII,IN0020200203,2027-10-12,COUPON,63.14
SGBOCT27,2019-20 Series V,IN0020190370,2027-10-15,REDEMPTION,3788.0
SGBAPR28I,2020-21 Series I,IN0020200062,2027-10-19,COUPON,57.99
SGBOCT27VI,2019-20 Series VI,IN0020190388,2027-10-20,COUPON,47.94
SGBNV29VII,2021-22 Series VII,IN0020210178,2027-10-26,COUPON,59.52
SGBOCT27VI,2019-20 Series VI,IN0020190388,2027-10-30,REDEMPTION,3835.0
SGBMAY28,2020-21 Series II,IN0020200088,2027-11-09,COUPON,57.38
SGBN28VIII,2020-21 Series VIII,IN0020200286,2027-11-10,COUPON,64.72
SGBMAY29I,2021-22 Series I,IN0020210053,2027-11-16,COUPON,59.72
SGBJUN29II,2021-22 Series II,IN0020210061,2027-11-23,COUPON,60.52
SGBD29VIII,2021-22 Series VIII,IN0020210228,2027-11-30,COUPON,59.89
SGBDC27VII,2019-20 Series VII,IN0020190461,2027-11-30,COUPON,47.44
SGBJU29III,2021-22 Series III,IN0020210087,2027-11-30,COUPON,61.12
SGBJUN28,2020-21 Series III,IN0020200104,2027-12-07,COUPON,58.47
SGBDC27VII,2019-20 Series VII,IN0020190461,2027-12-10,REDEMPTION,3795.0
SGBDE30III,2022-23 Series III,IN0020220110,2027-12-21,COUPON,67.61
SGBJUN30,2022-23 Series I,IN0020220045,2027-12-21,COUPON,63.64
SGBJUN31I,2023-24 Series I,IN0020230069,2027-12-21,COUPON,74.08
SGBDE31III,2023-24 Series III,IN0020230168,2027-12-23,COUPON,77.49
SGBJAN29IX,2020-21 Series IX,IN0020200377,2027-12-28,COUPON,62.5
SGBJUL28IV,2020-21 Series IV,IN0020200146,2028-01-04,COUPON,60.65
SGBJ28VIII,2019-20 Series VIII,IN0020190537,2028-01-11,COUPON,50.2
SGBJAN29X,2020-21 Series X,IN0020200385,2028-01-11,COUPON,63.8
SGBJAN30IX,2021-22 Series IX,IN0020210236,2028-01-11,COUPON,59.83
SGBJUL29IV,2021-22 Series IV,IN0020210111,2028-01-11,COUPON,60.09
SGBJ28VIII,2019-20 Series VIII,IN0020190537,2028-01-21,REDEMPTION,4016.0
SGBAUG28V,2020-21 Series V,IN0020200161,2028-02-01,COUPON,66.67
SGBFEB28IX,2019-20 Series IX,IN0020190545,2028-02-01,COUPON,50.88
SGBFEB29XI,2020-21 Series XI,IN0020200393,2028-02-01,COUPON,61.4
SGBAUG29V,2021-22 Series V,IN0020210129,2028-02-08,COUPON,59.88
SGBFEB28IX,2019-20 Series IX,IN0020190545,2028-02-11,REDEMPTION,4070.0
SGBFEB32IV,2023-24 Series IV,IN0020230184,2028-02-16,COUPON,78.29
SGBAUG30,2022-23 Series II,IN0020220078,2028-02-22,COUPON,64.97
SGBMAR30X,2021-22 Series X,IN0020210319,2028-02-29,COUPON,63.87
SGBMR29XII,2020-21 Series XII,IN0020200427,2028-02-29,COUPON,58.27
SGBSEP28VI,2020-21 Series VI,IN0020200195,2028-02-29,COUPON,63.97
SGBSEP29VI,2021-22 Series VI,IN0020210145,2028-02-29,COUPON,59.15
SGBMAR28X,2019-20 Series X,IN0020190552,2028-03-01,COUPON,53.25
SGBMAR31IV,2022-23 Series IV,IN0020220169,2028-03-07,COUPON,70.14
SGBMAR28X,2019-20 Series X,IN0020190552,2028-03-11,REDEMPTION,4260.0
SGBSEP31II,2023-24 Series II,IN0020230093,2028-03-15,COUPON,74.04
SGBOC28VII,2020-21 Series VII,IN0020200203,2028-04-11,COUPON,63.14
SGBAPR28I,2020-21 Series I,IN0020200062,2028-04-18,COUPON,57.99
SGBNV29VII,2021-22 Series VII,IN0020210178,2028-04-25,COUPON,59.52
SGBAPR28I,2020-21 Series I,IN0020200062,2028-04-28,REDEMPTION,4639.0
SGBMAY28,2020-21 Series II,IN0020200088,2028-05-09,COUPON,57.38
SGBN28VIII,2020-21 Series VIII,IN0020200286,2028-05-10,COUPON,64.72
SGBMAY29I,2021-22 Series I,IN0020210053,2028-05-16,COUPON,59.72
SGBMAY28,2020-21 Series II,IN0020200088,2028-05-19,REDEMPTION,4590.0
SGBJUN29II,2021-22 Series II,IN0020210061,2028-05-23,COUPON,60.52
SGBD29VIII,2021-22 Series VIII,IN0020210228,2028-05-30,COUPON,59.89
SGBJU29III,2021-22 Series III,IN0020210087,2028-05-30,COUPON,61.12
SGBJUN28,2020-21 Series III,IN0020200104,2028-06-06,COUPON,58.47
SGBJUN28,2020-21 Series III,IN0020200104,2028-06-16,REDEMPTION,4677.0
SGBDE30III,2022-23 Series III,IN0020220110,2028-06-20,COUPON,67.61
SGBJUN30,2022-23 Series I,IN0020220045,2028-06-20,COUPON,63.64
SGBJUN31I,2023-24 Series I,IN0020230069,2028-06-20,COUPON,74.08
SGBDE31III,2023-24 Series III,IN0020230168,2028-06-22,COUPON,77.49
SGBJAN29IX,2020-21 Series IX,IN0020200377,2028-06-27,COUPON,62.5
SGBJUL28IV,2020-21 Series IV,IN0020200146,2028-07-04,COUPON,60.65
SGBJAN29X,2020-21 Series X,IN0020200385,2028-07-11,COUPON,63.8
SGBJAN30IX,2021-22 Series IX,IN0020210236,2028-07-11,COUPON,59.83
SGBJUL29IV,2021-22 Series IV,IN0020210111,2028-07-11,COUPON,60.09
SGBJUL28IV,2020-21 Series IV,IN0020200146,2028-07-14,REDEMPTION,4852.0
SGBAUG28V,2020-21 Series V,IN0020200161,2028-08-01,COUPON,66.67
SGBFEB29XI,2020-21 Series XI,IN0020200393,2028-08-01,COUPON,61.4
SGBAUG29V,2021-22 Series V,IN0020210129,2028-08-08,COUPON,59.88
SGBAUG28V,2020-21 Series V,IN0020200161,2028-08-11,REDEMPTION,5334.0
SGBFEB32IV,2023-24 Series IV,IN0020230184,2028-08-16,COUPON,78.29
SGBAUG30,2022-23 Series II,IN0020220078,2028-08-22,COUPON,64.97
SGBMAR30X,2021-22 Series X,IN0020210319,2028-08-29,COUPON,63.87
SGBMR29XII,2020-21 Series XII,IN0020200427,2028-08-29,COUPON,58.27
SGBSEP28VI,2020-21 Series VI,IN0020200195,2028-08-29,COUPON,63.97
SGBSEP29VI,2021-22 Series VI,IN0020210145,2028-08-29,COUPON,59.15
SGBMAR31IV,2022-23 Series IV,IN0020220169,2028-09-05,COUPON,70.14
SGBSEP28VI,2020-21 Series VI,IN0020200195,2028-09-08,REDEMPTION,5117.0
SGBSEP31II,2023-24 Series II,IN0020230093,2028-09-13,COUPON,74.04
SGBOC28VII,2020-21 Series VII,IN0020200203,2028-10-10,COUPON,63.14
SGBOC28VII,2020-21 Series VII,IN0020200203,2028-10-20,REDEMPTION,5051.0
SGBNV29VII,2021-22 Series VII,IN0020210178,2028-10-24,COUPON,59.52
SGBN28VIII,2020-21 Series VIII,IN0020200286,2028-11-08,COUPON,64.72
SGBMAY29I,2021-22 Series I,IN0020210053,2028-11-14,COUPON,59.72
SGBN28VIII,2020-21 Series VIII,IN0020200286,2028-11-18,REDEMPTION,5177.0
SGBJUN29II,2021-22 Series II,IN0020210061,2028-11-21,COUPON,60.52
SGBD29VIII,2021-22 Series VIII,IN0020210228,2028-11-28,COUPON,59.89
SGBJU29III,2021-22 Series III,IN0020210087,2028-11-28,COUPON,61.12
SGBDE30III,2022-23 Series III,IN0020220110,2028-12-19,COUPON,67.61
SGBJUN30,2022-23 Series I,IN0020220045,2028-12-19,COUPON,63.64
SGBJUN31I,2023-24 Series I,IN0020230069,2028-12-19,COUPON,74.08
SGBDE31III,2023-24 Series III,IN0020230168,2028-12-21,COUPON,77.49
SGBJAN29IX,2020-21 Series IX,IN0020200377,2028-12-26,COUPON,62.5
SGBJAN29IX,2020-21 Series IX,IN0020200377,2029-01-05,REDEMPTION,5000.0
SGBJAN29X,2020-21 Series X,IN0020200385,2029-01-09,COUPON,63.8
SGBJAN30IX,2021-22 Series IX,IN0020210236,2029-01-09,COUPON,59.83
SGBJUL29IV,2021-22 Series IV,IN0020210111,2029-01-09,COUPON,60.09
SGBJAN29X,2020-21 Series X,IN0020200385,2029-01-19,REDEMPTION,5104.0
SGBFEB29XI,2020-21 Series XI,IN0020200393,2029-01-30,COUPON,61.4
SGBAUG29V,2021-22 Series V,IN0020210129,2029-02-06,COUPON,59.88
SGBFEB29XI,2020-21 Series XI,IN0020200393,2029-02-09,REDEMPTION,4912.0
SGBFEB32IV,2023-24 Series IV,IN0020230184,2029-02-14,COUPON,78.29
SGBAUG30,2022-23 Series II,IN0020220078,2029-02-20,COUPON,64.97
SGBMAR30X,2021-22 Series X,IN0020210319,2029-02-27,COUPON,63.87
SGBMR29XII,2020-21 Series XII,IN0020200427,2029-02-27,COUPON,58.27
SGBSEP29VI,2021-22 Series VI,IN0020210145,2029-02-27,COUPON,59.15
SGBMAR31IV,2022-23 Series IV,IN0020220169,2029-03-06,COUPON,70.14
SGBMR29XII,2020-21 Series XII,IN0020200427,2029-03-09,REDEMPTION,4662.0
SGBSEP31II,2023-24 Series II,IN0020230093,2029-03-14,COUPON,74.04
SGBNV29VII,2021-22 Series VII,IN0020210178,2029-04-24,COUPON,59.52
SGBMAY29I,2021-22 Series I,IN0020210053,2029-05-15,COUPON,59.72
SGBJUN29II,2021-22 Series II,IN0020210061,2029-05-22,COUPON,60.52
SGBMAY29I,2021-22 Series I,IN0020210053,2029-05-25,REDEMPTION,4777.0
SGBD29VIII,2021-22 Series VIII,IN0020210228,2029-05-29,COUPON,59.89
SGBJU29III,2021-22 Series III,IN0020210087,2029-05-29,COUPON,61.12
SGBJUN29II,2021-22 Series II,IN0020210061,2029-06-01,REDEMPTION,4842.0
SGBJU29III,2021-22 Series III,IN0020210087,2029-06-08,REDEMPTION,4889.0
SGBDE30III,2022-23 Series III,IN0020220110,2029-06-19,COUPON,67.61
SGBJUN30,2022-23 Series I,IN0020220045,2029-06-19,COUPON,63.64
SGBJUN31I,2023-24 Series I,IN0020230069,2029-06-19,COUPON,74.08
SGBDE31III,2023-24 Series III,IN0020230168,2029-06-21,COUPON,77.49
SGBJAN30IX,2021-22 Series IX,IN0020210236,2029-07-10,COUPON,59.83
SGBJUL29IV,2021-22 Series IV,IN0020210111,2029-07-10,COUPON,60.09
SGBJUL29IV,2021-22 Series IV,IN0020210111,2029-07-20,REDEMPTION,4807.0
SGBAUG29V,2021-22 Series V,IN0020210129,2029-08-07,COUPON,59.88
SGBFEB32IV,2023-24 Series IV,IN0020230184,2029-08-15,COUPON,78.29
SGBAUG29V,2021-22 Series V,IN0020210129,2029-08-17,REDEMPTION,4790.0
SGBAUG30,2022-23 Series II,IN0020220078,2029-08-21,COUPON,64.97
SGBMAR30X,2021-22 Series X,IN0020210319,2029-08-28,COUPON,63.87
SGBSEP29VI,2021-22 Series VI,IN0020210145,2029-08-28,COUPON,59.15
SGBMAR31IV,2022-23 Series IV,IN0020220169,2029-09-04,COUPON,70.14
SGBSEP29VI,2021-22 Series VI,IN0020210145,2029-09-07,REDEMPTION,4732.0
SGBSEP31II,2023-24 Series II,IN0020230093,2029-09-12,COUPON,74.04
SGBNV29VII,2021-22 Series VII,IN0020210178,2029-10-23,COUPON,59.52
SGBNV29VII,2021-22 Series VII,IN0020210178,2029-11-02,REDEMPTION,4761.0
SGBD29VIII,2021-22 Series VIII,IN0020210228,2029-11-27,COUPON,59.89
SGBD29VIII,2021-22 Series VIII,IN0020210228,2029-12-07,REDEMPTION,4791.0
SGBDE30III,2022-23 Series III,IN0020220110,2029-12-18,COUPON,67.61
SGBJUN30,2022-23 Series I,IN0020220045,2029-12-18,COUPON,63.64
SGBJUN31I,2023-24 Series I,IN0020230069,2029-12-18,COUPON,74.08
SGBDE31III,2023-24 Series III,IN0020230168,2029-12-20,COUPON,77.49
SGBJAN30IX,2021-22 Series IX,IN0020210236,2030-01-08,COUPON,59.83
SGBJAN30IX,2021-22 Series IX,IN0020210236,2030-01-18,REDEMPTION,4786.0
SGBFEB32IV,2023-24 Series IV,IN0020230184,2030-02-13,COUPON,78.29
SGBAUG30,2022-23 Series II,IN0020220078,2030-02-19,COUPON,64.97
SGBMAR30X,2021-22 Series X,IN0020210319,2030-02-26,COUPON,63.87
SGBMAR31IV,2022-23 Series IV,IN0020220169,2030-03-05,COUPON,70.14
SGBMAR30X,2021-22 Series X,IN0020210319,2030-03-08,REDEMPTION,5109.0
SGBSEP31II,2023-24 Series II,IN0020230093,2030-03-13,COUPON,74.04
SGBDE30III,2022-23 Series III,IN0020220110,2030-06-18,COUPON,67.61
SGBJUN30,2022-23 Series I,IN0020220045,2030-06-18,COUPON,63.64
SGBJUN31I,2023-24 Series I,IN0020230069,2030-06-18,COUPON,74.08
SGBDE31III,2023-24 Series III,IN0020230168,2030-06-20,COUPON,77.49
SGBJUN30,2022-23 Series I,IN0020220045,2030-06-28,REDEMPTION,5091.0
SGBFEB32IV,2023-24 Series IV,IN0020230184,2030-08-14,COUPON,78.29
SGBAUG30,2022-23 Series II,IN0020220078,2030-08-20,COUPON,64.97
SGBAUG30,2022-23 Series II,IN0020220078,2030-08-30,REDEMPTION,5197.0
SGBMAR31IV,2022-23 Series IV,IN0020220169,2030-09-03,COUPON,70.14
SGBSEP31II,2023-24 Series II,IN0020230093,2030-09-11,COUPON,74.04
SGBDE30III,2022-23 Series III,IN0020220110,2030-12-17,COUPON,67.61
SGBJUN31I,2023-24 Series I,IN0020230069,2030-12-17,COUPON,74.08
SGBDE31III,2023-24 Series III,IN0020230168,2030-12-19,COUPON,77.49
SGBDE30III,2022-23 Series III,IN0020220110,2030-12-27,REDEMPTION,5409.0
SGBFEB32IV,2023-24 Series IV,IN0020230184,2031-02-12,COUPON,78.29
SGBMAR31IV,2022-23 Series IV,IN0020220169,2031-03-04,COUPON,70.14
SGBSEP31II,2023-24 Series II,IN0020230093,2031-03-12,COUPON,74.04
SGBMAR31IV,2022-23 Series IV,IN0020220169,2031-03-14,REDEMPTION,5611.0
SGBJUN31I,2023-24 Series I,IN0020230069,2031-06-17,COUPON,74.08
SGBDE31III,2023-24 Series III,IN0020230168,2031-06-19,COUPON,77.49
SGBJUN31I,2023-24 Series I,IN0020230069,2031-06-27,REDEMPTION,5926.0
SGBFEB32IV,2023-24 Series IV,IN0020230184,2031-08-13,COUPON,78.29
SGBSEP31II,2023-24 Series II,IN0020230093,2031-09-10,COUPON,74.04
SGBSEP31II,2023-24 Series II,IN0020230093,2031-09-20,REDEMPTION,5923.0
SGBDE31III,2023-24 Series III,IN0020230168,2031-12-18,COUPON,77.49
SGBDE31III,2023-24 Series III,IN0020230168,2031-12-28,REDEMPTION,6199.0
SGBFEB32IV,2023-24 Series IV,IN0020230184,2032-02-11,COUPON,78.29
SGBFEB32IV,2023-24 Series IV,IN0020230184,2032-02-21,REDEMPTION,6263.0
