Date,FII_Buy_Cr,FII_Sell_Cr,FII_Net_Cr,DII_Buy_Cr,DII_Sell_Cr,DII_Net_Cr,Total_Net_Cr
2026-01-14,35392.0,41832.0,-6440.0,29795.0,22442.0,7353.0,913.0
2026-01-15,18450.0,21208.0,-2758.0,19071.0,14110.0,4961.0,2203.0
2026-01-16,71683.0,84066.0,-12383.0,85286.0,72784.0,12502.0,119.0
2026-01-19,24128.0,28298.0,-4170.0,24685.0,16760.0,7925.0,3755.0
2026-01-20,50854.0,61618.0,-10764.0,44865.0,51190.0,-6325.0,-17089.0
2026-01-21,37127.0,42459.0,-5332.0,85731.0,100143.0,-14412.0,-19744.0
2026-01-22,19023.0,22681.0,-3658.0,48017.0,38279.0,9738.0,6080.0
2026-01-23,26175.0,33400.0,-7225.0,55577.0,66867.0,-11290.0,-18515.0
2026-01-27,29693.0,38780.0,-9087.0,18976.0,14757.0,4219.0,-4868.0
2026-01-28,64912.0,74532.0,-9620.0,34575.0,28600.0,5975.0,-3645.0
2026-01-29,49683.0,57471.0,-7788.0,24346.0,17787.0,6559.0,-1229.0
2026-01-30,17430.0,19642.0,-2212.0,46774.0,36959.0,9815.0,7603.0
2026-02-02,4283.0,4974.0,-691.0,54653.0,65402.0,-10749.0,-11440.0
2026-02-03,14713.0,17122.0,-2409.0,20356.0,16481.0,3875.0,1466.0
2026-02-04,11838.0,14077.0,-2239.0,40134.0,30767.0,9367.0,7128.0
2026-02-05,6942.0,8227.0,-1285.0,18043.0,13476.0,4567.0,3282.0
2026-02-06,9812.0,11121.0,-1309.0,18839.0,15651.0,3188.0,1879.0
2026-02-09,3684.0,4184.0,-500.0,8327.0,6575.0,1752.0,1252.0
2026-02-10,4239.0,5111.0,-872.0,5334.0,3695.0,1639.0,767.0
2026-02-11,1679.0,1294.0,385.0,10805.0,9463.0,1342.0,1727.0
2026-02-12,10014.0,11452.0,-1438.0,16148.0,14053.0,2095.0,657.0
2026-02-13,9190.0,10719.0,-1529.0,24715.0,20548.0,4167.0,2638.0
2026-02-16,13903.0,15897.0,-1994.0,76885.0,65409.0,11476.0,9482.0
2026-02-17,7638.0,9272.0,-1634.0,27824.0,23155.0,4669.0,3035.0
2026-02-18,3052.0,3734.0,-682.0,26943.0,19000.0,7943.0,7261.0
2026-02-19,10028.0,7954.0,2074.0,14555.0,11418.0,3137.0,5211.0
2026-02-20,12671.0,14741.0,-2070.0,17499.0,13131.0,4368.0,2298.0
2026-02-23,10399.0,11794.0,-1395.0,6438.0,7883.0,-1445.0,-2840.0
2026-02-24,4365.0,5057.0,-692.0,23446.0,28791.0,-5345.0,-6037.0
2026-02-25,13219.0,14926.0,-1707.0,13736.0,15587.0,-1851.0,-3558.0
2026-02-26,9959.0,11254.0,-1295.0,21630.0,18607.0,3023.0,1728.0
2026-02-27,6527.0,8055.0,-1528.0,20407.0,13833.0,6574.0,5046.0
2026-03-02,30503.0,35956.0,-5453.0,30471.0,25670.0,4801.0,-652.0
2026-03-03,18490.0,21700.0,-3210.0,22807.0,17174.0,5633.0,2423.0
2026-03-04,49452.0,58841.0,-9389.0,18953.0,24864.0,-5911.0,-15300.0
2026-03-05,29624.0,35792.0,-6168.0,12904.0,10590.0,2314.0,-3854.0
2026-03-06,17769.0,22645.0,-4876.0,10328.0,8177.0,2151.0,-2725.0
2026-03-09,23239.0,18375.0,4864.0,7844.0,5928.0,1916.0,6780.0
2026-03-10,44824.0,52279.0,-7455.0,51502.0,43606.0,7896.0,441.0
2026-03-11,26291.0,31171.0,-4880.0,25854.0,21422.0,4432.0,-448.0
2026-03-12,31328.0,40927.0,-9599.0,31306.0,36376.0,-5070.0,-14669.0
2026-03-13,20297.0,26167.0,-5870.0,21455.0,25286.0,-3831.0,-9701.0
2026-03-16,16444.0,18873.0,-2429.0,12560.0,15010.0,-2450.0,-4879.0
2026-03-17,18174.0,15376.0,2798.0,42181.0,36283.0,5898.0,8696.0
2026-03-18,21178.0,26057.0,-4879.0,15138.0,12006.0,3132.0,-1747.0
2026-03-19,19412.0,23411.0,-3999.0,11654.0,9012.0,2642.0,-1357.0
2026-03-20,15249.0,19438.0,-4189.0,27927.0,22176.0,5751.0,1562.0
2026-03-23,27331.0,33312.0,-5981.0,52431.0,44183.0,8248.0,2267.0
2026-03-24,19237.0,22318.0,-3081.0,22095.0,15656.0,6439.0,3358.0
2026-03-25,6497.0,8105.0,-1608.0,17831.0,14208.0,3623.0,2015.0
2026-03-26,24919.0,21202.0,3717.0,7221.0,5920.0,1301.0,5018.0
2026-03-27,15219.0,18969.0,-3750.0,26231.0,22585.0,3646.0,-104.0
2026-03-30,21952.95,33116.01,-11163.06,26358.5,11463.78,14894.72,3731.66
2026-04-01,17958.07,26289.22,-8331.15,18536.73,11364.93,7171.8,-1159.35
2026-04-02,10626.52,20557.65,-9931.13,18421.27,11212.86,7208.41,-2722.72
2026-04-07,7953.46,16645.57,-8692.11,20860.09,12880.59,7979.5,-712.61
2026-04-09,15746.32,17457.51,-1711.19,15968.21,15012.31,955.9,-755.29
2026-04-15,18075.63,17409.48,666.15,18499.57,19068.55,-568.98,97.17
2026-04-16,16209.44,15827.08,382.36,16538.08,19965.83,-3427.75,-3045.39
2026-04-17,16034.88,15351.68,683.2,17513.99,22235.47,-4721.48,-4038.28
2026-04-23,12829.12,16083.83,-3254.71,18498.19,17556.84,941.35,-2313.36
2026-04-24,9837.2,18665.07,-8827.87,21560.16,16859.45,4700.71,-4127.16
2026-04-27,30263.32,31414.8,-1151.48,19978.34,15854.42,4123.92,2972.44
2026-04-28,17231.5,19335.24,-2103.74,18044.05,16332.04,1712.01,-391.73
2026-04-29,14271.22,16739.64,-2468.42,17232.28,14970.11,2262.17,-206.25
2026-05-12,16555.27,18514.66,-1959.39,20684.82,12694.5,7990.32,6030.93
2026-05-13,14373.99,19077.14,-4703.15,18872.65,13003.6,5869.05,1165.9
2026-05-14,17350.56,17163.1,187.46,18255.96,17571.63,684.33,871.79
2026-05-15,16299.6,14970.43,1329.17,14961.88,16920.7,-1958.82,-629.65
2026-05-18,17222.18,14408.49,2813.69,16844.94,14162.82,2682.12,5495.81
2026-05-19,17907.55,20365.04,-2457.49,16951.95,13150.27,3801.68,1344.19
2026-05-20,14139.56,15736.91,-1597.35,16000.79,14032.44,1968.35,371.0
2026-05-21,12322.16,14213.37,-1891.21,15857.03,13364.61,2492.42,601.21
2026-05-22,10972.76,15413.23,-4440.47,18436.72,12433.19,6003.53,1563.06
2026-05-25,12083.12,11261.37,821.75,16434.96,12578.08,3856.88,4678.63
2026-05-26,13127.02,15534.89,-2407.87,15536.74,14175.31,1361.43,-1046.44
2026-05-27,11418.65,12461.35,-1042.7,16893.1,13072.1,3821.0,2778.3
2026-05-29,89733.64,110839.5,-21105.86,36999.7,20235.56,16764.14,-4341.72
2026-06-01,17725.89,21637.57,-3911.68,15226.29,10117.16,5109.13,1197.45
2026-06-02,16955.9,25318.82,-8362.92,22508.77,12919.45,9589.32,1226.4
2026-06-03,17053.63,22670.19,-5616.56,17530.0,11789.11,5740.89,124.33
2026-06-04,14012.52,18459.58,-4447.06,16824.35,12464.21,4360.14,-86.92
2026-06-05,11044.57,19820.82,-8776.25,22779.32,13645.75,9133.57,357.32
2026-06-08,8842.08,14397.75,-5555.67,16683.18,11517.94,5165.24,-390.43
2026-06-09,14735.47,19301.5,-4566.03,17664.98,11505.5,6159.48,1593.45
2026-06-10,14047.79,16172.77,-2124.98,17396.4,14272.45,3123.95,998.97
2026-06-11,14000.58,15987.67,-1987.09,16822.57,12598.06,4224.51,2237.42
2026-06-12,12064.61,13146.79,-1082.18,18877.03,13535.74,5341.29,4259.11
2026-06-15,15650.2,15450.15,200.05,21080.9,17891.64,3189.26,3389.31
2026-06-16,13887.15,14636.33,-749.18,13553.36,13553.3,0.06,-749.12
2026-06-17,14806.3,14704.71,101.59,16611.87,15050.47,1561.4,1662.99
2026-06-18,14611.83,15637.03,-1025.2,16163.18,12646.37,3516.81,2491.61
2026-06-19,31442.87,26583.8,4859.07,18020.49,19180.13,-1159.64,3699.43
2026-06-22,10082.08,10717.99,-635.91,17391.78,16356.06,1035.72,399.81
2026-06-23,15396.07,15378.21,17.86,16863.04,16182.83,680.21,698.07
2026-06-24,16744.73,18588.13,-1843.4,17274.01,13636.75,3637.26,1793.86
2026-06-25,18988.03,18604.27,383.76,24844.03,19096.28,5747.75,6131.51
2026-06-29,24754.26,26104.36,-1350.1,55273.85,52472.4,2801.45,1451.35
2026-06-30,23273.71,25830.46,-2556.75,23432.58,16590.24,6842.34,4285.59
2026-07-01,11623.31,12763.81,-1140.5,17136.57,13977.33,3159.24,2018.74
2026-07-02,14018.4,14330.22,-311.82,17391.61,15607.21,1784.4,1472.58
2026-07-03,13337.33,11982.0,1355.33,18676.35,20630.24,-1953.89,-598.56
2026-07-06,11686.1,11443.07,243.03,19727.56,15936.14,3791.42,4034.45
2026-07-07,18414.01,18020.82,393.19,18897.44,19280.87,-383.43,9.76
2026-07-08,17463.95,15501.15,1962.8,19165.13,18374.97,790.16,2752.96
2026-07-09,14388.41,14921.27,-532.86,18302.87,16245.08,2057.79,1524.93
2026-07-10,15318.07,12714.35,2603.72,17171.75,15152.07,2019.68,4623.4
2026-07-13,10386.48,13448.75,-3062.27,17393.46,15221.76,2171.7,-890.57
2026-07-14,12763.43,13503.12,-739.69,20420.87,17493.16,2927.71,2188.02
2026-07-15,13207.46,13943.29,-735.83,16226.42,15521.49,704.93,-30.9
2026-07-16,13576.08,17781.64,-4205.56,19236.8,16250.39,2986.41,-1219.15
2026-07-17,14393.77,14770.18,-376.41,17180.08,16162.19,1017.89,641.48
2026-07-20,13312.67,14433.71,-1121.04,16187.84,14875.81,1312.03,190.99
2026-07-21,16327.88,14677.72,1650.16,14638.54,15295.42,-656.88,993.28
2026-07-22,12889.82,13709.02,-819.2,13665.69,14083.95,-418.26,-1237.46
2026-07-23,11472.08,14471.31,-2999.23,16575.3,13628.16,2947.14,-52.09
2026-07-24,11123.86,15016.63,-3892.77,18959.43,13505.88,5453.55,1560.78
2026-07-27,11695.95,13384.18,-1688.23,15937.1,13607.96,2329.14,640.91
2026-07-28,17530.97,16775.64,755.33,18256.88,16592.72,1664.16,2419.49
2026-07-29,17358.31,14376.44,2981.87,18176.22,17178.2,998.02,3979.89
2026-07-30,17431.96,13808.45,3623.51,17979.63,19843.66,-1864.03,1759.48
2026-07-31,19045.51,18768.03,277.48,19885.8,17625.43,2260.37,2537.85
2026-08-03,12621.89,11699.63,922.26,18325.97,16754.79,1571.18,2493.44
2026-08-04,15630.45,13183.98,2446.47,15241.39,16177.53,-936.14,1510.33
2026-08-05,15940.5,16883.92,-943.42,19353.43,16470.26,2883.17,1939.75
2026-08-06,16161.35,16179.21,-17.86,19723.68,15710.08,4013.6,3995.74
2026-08-07,12941.31,12461.07,480.24,15679.58,15444.02,235.56,715.8
2026-08-10,13161.56,11186.8,1974.76,15868.51,17158.8,-1290.29,684.47
2026-08-11,14628.47,14369.92,258.55,15006.72,14981.95,24.77,283.32
2026-08-12,16584.64,17587.14,-1002.5,21518.55,15676.89,5841.66,4839.16
2026-08-13,14492.46,15003.15,-510.69,16565.14,12212.05,4353.09,3842.4
2026-08-14,12854.44,12346.32,508.12,14295.49,13939.09,356.4,864.52
2026-08-17,11546.16,14081.26,-2535.1,16654.08,11552.62,5101.46,2566.36
2026-08-18,13543.3,11891.77,1651.53,15566.07,12986.76,2579.31,4230.84
2026-08-19,12875.76,12467.77,407.99,17288.58,13314.86,3973.72,4381.71
2026-08-20,11411.73,11995.09,-583.36,16932.72,13395.01,3537.71,2954.35
2026-08-21,12560.91,13103.62,-542.71,15258.71,13134.57,2124.14,1581.43
2026-08-24,12332.64,11150.98,1181.66,15337.18,12843.77,2493.41,3675.07
2026-08-25,13259.03,11665.5,1593.53,14280.18,14049.92,230.26,1823.79
2026-08-26,17520.49,17017.86,502.63,17710.07,11284.91,6425.16,6927.79
2026-08-27,15276.94,15575.2,-298.26,19605.6,14628.43,4977.17,4678.91
2026-08-28,13263.62,18303.42,-5039.8,16539.38,11355.45,5183.93,144.13
2026-08-31,60025.88,68011.76,-7985.88,19730.38,15141.5,4588.88,-3397.0
2026-09-01,17807.53,16664.15,1143.38,15635.49,13788.55,1846.94,2990.32
2026-09-02,26715.88,20027.51,6688.37,17639.89,14826.91,2812.98,9501.35
2026-09-03,13596.04,15941.91,-2345.87,17063.65,12086.19,4977.46,2631.59
2026-09-04,13857.58,16969.52,-3111.94,19254.19,10324.07,8930.12,5818.18
2026-09-07,9581.19,9301.06,280.13,13154.13,12587.37,566.76,846.89
2026-09-08,11704.84,11828.03,-123.19,14678.53,13328.89,1349.64,1226.45
2026-09-09,16392.9,16975.89,-582.99,18130.76,16621.72,1509.04,926.05
2026-09-10,11882.95,12321.19,-438.24,13326.33,12300.48,1025.85,587.61
2026-09-11,12616.89,13547.79,-930.9,15109.58,13141.41,1968.17,1037.27
2026-09-15,13194.76,16172.62,-2977.86,15221.98,12535.93,2686.05,-291.81
2026-09-16,12959.04,14991.65,-2032.61,15279.59,11371.36,3908.23,1875.62
2026-09-17,8761.71,11970.47,-3208.76,14105.01,10487.26,3617.75,408.99
2026-09-18,38461.63,37862.09,599.54,17310.04,16290.35,1019.69,1619.23
2026-09-21,10637.17,11213.37,-576.2,14098.64,11301.37,2797.27,2221.07
2026-09-22,9845.81,13655.8,-3809.99,14599.72,10479.65,4120.07,310.08
2026-09-23,13580.4,11962.95,1617.45,14404.9,12063.44,2341.46,3958.91
