Year,Month,Equity_Net_Cr,Debt_Net_Cr,Total_Net_Cr,Source
2005,January,458.0,-774.0,-316.0,NSDL
2005,February,8375.0,834.0,9209.0,NSDL
2005,March,7501.0,425.0,7926.0,NSDL
2005,April,-655.0,-821.0,-1476.0,NSDL
2005,May,-1143.0,-246.0,-1389.0,NSDL
2005,June,5330.0,-70.0,5260.0,NSDL
2005,July,7935.0,-172.0,7763.0,NSDL
2005,August,5052.0,-430.0,4622.0,NSDL
2005,September,4645.0,-187.0,4458.0,NSDL
2005,October,-3694.0,-934.0,-4628.0,NSDL
2005,November,4039.0,-2166.0,1873.0,NSDL
2005,December,9337.0,-975.0,8362.0,NSDL
2006,January,3679.0,-921.0,2758.0,NSDL
2006,February,7587.0,-151.0,7436.0,NSDL
2006,March,6690.0,-259.0,6431.0,NSDL
2006,April,523.0,249.0,772.0,NSDL
2006,May,-7353.0,706.0,-6647.0,NSDL
2006,June,480.0,394.0,874.0,NSDL
2006,July,1143.0,154.0,1297.0,NSDL
2006,August,4645.0,804.0,5449.0,NSDL
2006,September,5424.0,708.0,6132.0,NSDL
2006,October,8014.0,657.0,8671.0,NSDL
2006,November,9381.0,805.0,10186.0,NSDL
2006,December,-3669.0,900.0,-2769.0,NSDL
2007,January,492.0,-2174.0,-1682.0,NSDL
2007,February,7239.0,956.0,8195.0,NSDL
2007,March,-1081.0,1443.0,362.0,NSDL
2007,April,6678.0,1041.0,7719.0,NSDL
2007,May,3960.0,1360.0,5320.0,NSDL
2007,June,1640.0,-542.0,1098.0,NSDL
2007,July,23873.0,-1264.0,22609.0,NSDL
2007,August,-7770.0,607.0,-7163.0,NSDL
2007,September,16131.0,2655.0,18786.0,NSDL
2007,October,20591.0,2500.0,23091.0,NSDL
2007,November,-5850.0,-468.0,-6318.0,NSDL
2007,December,5577.0,3312.0,8889.0,NSDL
2008,January,-13035.0,1951.0,-11084.0,NSDL
2008,February,1733.0,2496.0,4229.0,NSDL
2008,March,-131.0,-880.0,-1011.0,NSDL
2008,April,1076.0,-1702.0,-626.0,NSDL
2008,May,-5013.0,-163.0,-5176.0,NSDL
2008,June,-10098.0,-999.0,-11097.0,NSDL
2008,July,-1833.0,3620.0,1787.0,NSDL
2008,August,-1210.0,1256.0,46.0,NSDL
2008,September,-8280.0,3206.0,-5074.0,NSDL
2008,October,-15346.0,-1860.0,-17206.0,NSDL
2008,November,-2598.0,4217.0,1619.0,NSDL
2008,December,1748.0,629.0,2377.0,NSDL
2009,January,-4245.0,804.0,-3441.0,NSDL
2009,February,-2437.0,-688.0,-3125.0,NSDL
2009,March,530.0,-6418.0,-5888.0,NSDL
2009,April,6510.0,2488.0,8998.0,NSDL
2009,May,20116.0,-2707.0,17409.0,NSDL
2009,June,3831.0,1069.0,4900.0,NSDL
2009,July,11066.0,2116.0,13182.0,NSDL
2009,August,4906.0,-378.0,4528.0,NSDL
2009,September,18346.0,2228.0,20574.0,NSDL
2009,October,9076.0,6895.0,15971.0,NSDL
2009,November,5498.0,684.0,6182.0,NSDL
2009,December,10234.0,-1522.0,8712.0,NSDL
2010,January,-499.0,8914.0,8415.0,NSDL
2010,February,1215.0,3146.0,4361.0,NSDL
2010,March,19927.0,9511.0,29438.0,NSDL
2010,April,9362.0,3031.0,12393.0,NSDL
2010,May,-9438.0,2451.0,-6987.0,NSDL
2010,June,10507.0,740.0,11247.0,NSDL
2010,July,16618.0,8105.0,24723.0,NSDL
2010,August,11685.0,3000.0,14685.0,NSDL
2010,September,24980.0,7688.0,32668.0,NSDL
2010,October,28561.0,-4261.0,24300.0,NSDL
2010,November,18294.0,2916.0,21210.0,NSDL
2010,December,2048.0,1166.0,3214.0,NSDL
2011,January,-4813.0,10179.0,5366.0,NSDL
2011,February,-4585.0,1317.0,-3268.0,NSDL
2011,March,6896.0,-16.0,6880.0,NSDL
2011,April,7211.0,-16.0,7195.0,NSDL
2011,May,-6613.0,2338.0,-4275.0,NSDL
2011,June,4575.0,310.0,4885.0,NSDL
2011,July,8030.0,2623.0,10653.0,NSDL
2011,August,-10836.0,2932.0,-7904.0,NSDL
2011,September,-159.0,-1706.0,-1865.0,NSDL
2011,October,1678.0,1404.0,3082.0,NSDL
2011,November,-4198.0,932.0,-3266.0,NSDL
2011,December,100.0,21775.0,21875.0,NSDL
2012,January,10355.0,15970.0,26325.0,NSDL
2012,February,25212.0,10015.0,35227.0,NSDL
2012,March,8382.0,-6588.0,1794.0,NSDL
2012,April,-1109.0,-3789.0,-4898.0,NSDL
2012,May,-348.0,3569.0,3221.0,NSDL
2012,June,-503.0,1679.0,1176.0,NSDL
2012,July,10276.0,3391.0,13667.0,NSDL
2012,August,10804.0,264.0,11068.0,NSDL
2012,September,19262.0,623.0,19885.0,NSDL
2012,October,11365.0,7853.0,19218.0,NSDL
2012,November,9579.0,290.0,9869.0,NSDL
2012,December,25086.0,1704.0,26790.0,NSDL
2013,January,22059.0,2948.0,25007.0,NSDL
2013,February,24440.0,4000.0,28440.0,NSDL
2013,March,9125.0,5796.0,14921.0,NSDL
2013,April,5413.0,5334.0,10747.0,NSDL
2013,May,22168.0,5968.0,28136.0,NSDL
2013,June,-11027.0,-33135.0,-44162.0,NSDL
2013,July,-6087.0,-12039.0,-18126.0,NSDL
2013,August,-5923.0,-9775.0,-15698.0,NSDL
2013,September,13057.0,-5678.0,7379.0,NSDL
2013,October,15706.0,-13581.0,2125.0,NSDL
2013,November,8116.0,-5983.0,2133.0,NSDL
2013,December,16087.0,5291.0,21378.0,NSDL
2014,January,714.0,12607.0,13321.0,NSDL
2014,February,1405.0,11336.0,12741.0,NSDL
2014,March,20078.0,11587.0,31665.0,NSDL
2014,April,9600.0,-9185.0,418.0,NSDL
2014,May,14007.0,19771.0,33778.0,NSDL
2014,June,13990.0,16715.0,30705.0,NSDL
2014,July,13110.0,22935.0,36045.0,NSDL
2014,August,5431.0,16704.0,22135.0,NSDL
2014,September,5104.0,15869.0,20973.0,NSDL
2014,October,-1172.0,17901.0,16729.0,NSDL
2014,November,13756.0,11723.0,25479.0,NSDL
2014,December,1036.0,11189.0,12225.0,NSDL
2015,January,12919.0,20768.0,33687.0,NSDL
2015,February,11475.0,13089.0,24564.0,NSDL
2015,March,12076.0,8649.0,20725.0,NSDL
2015,April,11721.0,3610.0,15331.0,NSDL
2015,May,-5769.0,-8503.0,-14272.0,NSDL
2015,June,-3344.0,1737.0,-1607.0,NSDL
2015,July,5321.0,2.0,5323.0,NSDL
2015,August,-16878.0,-646.0,-17524.0,NSDL
2015,September,-6477.0,690.0,-5787.0,NSDL
2015,October,6649.0,15703.0,22352.0,NSDL
2015,November,-7074.0,-3754.0,-10828.0,NSDL
2015,December,-2818.0,-5489.0,-8307.0,NSDL
2016,January,-11127.0,2313.0,-8814.0,NSDL
2016,February,-5522.0,-8194.0,-13716.0,NSDL
2016,March,21142.0,-1477.0,19665.0,NSDL
2016,April,8415.0,6418.0,14833.0,NSDL
2016,May,2542.0,-4409.0,-1867.0,NSDL
2016,June,3714.0,-6221.0,-2507.0,NSDL
2016,July,12611.0,6847.0,19458.0,NSDL
2016,August,9071.0,-2626.0,6445.0,NSDL
2016,September,10444.0,9789.0,20233.0,NSDL
2016,October,-4306.0,-6000.0,-10306.0,NSDL
2016,November,-18244.0,-21151.0,-39395.0,NSDL
2016,December,-8177.0,-18933.0,-27110.0,NSDL
2017,January,-1177.0,-2319.0,-3496.0,NSDL
2017,February,9902.0,5960.0,15862.0,NSDL
2017,March,30906.0,25355.0,56261.0,NSDL
2017,April,2394.0,20364.0,22758.0,NSDL
2017,May,7711.0,19155.0,26866.0,NSDL
2017,June,3617.0,25685.0,29302.0,NSDL
2017,July,5161.0,18867.0,24028.0,NSDL
2017,August,-12770.0,15447.0,2677.0,NSDL
2017,September,-11392.0,1349.0,-10043.0,NSDL
2017,October,3055.0,16064.0,19119.0,NSDL
2017,November,19728.0,531.0,20258.0,NSDL
2017,December,-5883.0,2350.0,-3544.0,NSDL
2018,January,13781.0,8523.0,22272.0,NSDL
2018,February,-11423.0,-254.0,-11674.0,NSDL
2018,March,11654.0,-9044.0,2662.0,NSDL
2018,April,-5552.0,-10036.0,-15561.0,NSDL
2018,May,-10060.0,-19654.0,-29776.0,NSDL
2018,June,-4831.0,-10970.0,-15795.0,NSDL
2018,July,2264.0,43.0,2264.0,NSDL
2018,August,1775.0,3414.0,5146.0,NSDL
2018,September,-10825.0,-10198.0,-21035.0,NSDL
2018,October,-28921.0,-9978.0,-38906.0,NSDL
2018,November,5981.0,5610.0,11595.0,NSDL
2018,December,3143.0,4749.0,7889.0,NSDL
2019,January,-4262.0,-1301.0,-5556.0,NSDL
2019,February,17220.0,-6037.0,12053.0,NSDL
2019,March,33981.0,12002.0,48751.0,NSDL
2019,April,21193.0,-5099.0,16728.0,NSDL
2019,May,7920.0,1187.0,11370.0,NSDL
2019,June,2596.0,8319.0,13111.0,NSDL
2019,July,-12419.0,9433.0,-3003.0,NSDL
2019,August,-17592.0,11672.0,-5871.0,NSDL
2019,September,7548.0,-990.0,6582.0,NSDL
2019,October,12368.0,3670.0,16069.0,NSDL
2019,November,25231.0,-2358.0,22999.0,NSDL
2019,December,7338.0,-4616.0,2762.0,NSDL
2020,January,12122.0,-1200.0,11002.0,NSDL
2020,February,1819.0,900.0,2599.0,NSDL
2020,March,-61973.0,-24000.0,-86373.0,NSDL
2020,April,-6884.0,15600.0,8916.0,NSDL
2020,May,-2948.0,-3600.0,-6698.0,NSDL
2020,June,24054.0,1800.0,26134.0,NSDL
2020,July,4825.0,-900.0,3725.0,NSDL
2020,August,47080.0,2400.0,49820.0,NSDL
2020,September,-3376.0,-1500.0,-4996.0,NSDL
2020,October,-22186.0,1200.0,-20786.0,NSDL
2020,November,60998.0,3600.0,64318.0,NSDL
2020,December,62016.0,-1800.0,60336.0,NSDL
2021,January,19473.0,1200.0,20593.0,NSDL
2021,February,25788.0,-1800.0,24138.0,NSDL
2021,March,11674.0,2400.0,13874.0,NSDL
2021,April,-9660.0,-900.0,-10440.0,NSDL
2021,May,-2954.0,1500.0,-1604.0,NSDL
2021,June,-12612.0,3600.0,-8812.0,NSDL
2021,July,-11308.0,-2400.0,-13828.0,NSDL
2021,August,-8776.0,1800.0,-6696.0,NSDL
2021,September,-15253.0,-1200.0,-16653.0,NSDL
2021,October,-12277.0,900.0,-11257.0,NSDL
2021,November,-4285.0,-600.0,-4965.0,NSDL
2021,December,-234.0,1500.0,1466.0,NSDL
2022,January,-33303.0,-2400.0,-34103.0,NSDL
2022,February,-35592.0,1200.0,-34842.0,NSDL
2022,March,-41123.0,3600.0,-37043.0,NSDL
2022,April,-17144.0,-1800.0,-19144.0,NSDL
2022,May,-39993.0,2400.0,-36543.0,NSDL
2022,June,-50203.0,-3600.0,-54323.0,NSDL
2022,July,-6568.0,1800.0,-4288.0,NSDL
2022,August,22025.0,-900.0,21065.0,NSDL
2022,September,-7624.0,2400.0,-4224.0,NSDL
2022,October,-8.0,-1200.0,-1688.0,NSDL
2022,November,36239.0,3000.0,39759.0,NSDL
2022,December,11119.0,-1500.0,9419.0,NSDL
2023,January,-28852.0,1800.0,-24772.0,NSDL
2023,February,-5294.0,-900.0,-4914.0,NSDL
2023,March,7936.0,2400.0,9336.0,NSDL
2023,April,11631.0,3100.0,16651.0,NSDL
2023,May,43838.0,-2200.0,42288.0,NSDL
2023,June,47148.0,1800.0,48028.0,NSDL
2023,July,46618.0,-3400.0,44798.0,NSDL
2023,August,12262.0,2800.0,14612.0,NSDL
2023,September,-14767.0,-1500.0,-14947.0,NSDL
2023,October,-24548.0,3200.0,-22908.0,NSDL
2023,November,9001.0,-800.0,8681.0,NSDL
2023,December,66135.0,1200.0,67275.0,NSDL
2024,January,-25744.0,-3008.0,-19224.0,NSDL
2024,February,1539.0,-558.0,9864.0,NSDL
2024,March,3315.0,-1256.0,18149.0,NSDL
2024,April,-8671.0,5420.0,-6241.0,NSDL
2024,May,-25586.0,3100.0,-23306.0,NSDL
2024,June,26565.0,4200.0,32445.0,NSDL
2024,July,32365.0,-2100.0,36045.0,NSDL
2024,August,7320.0,1800.0,12670.0,NSDL
2024,September,-11789.0,-3400.0,-8529.0,NSDL
2024,October,-94017.0,2100.0,-88097.0,NSDL
2024,November,-22420.0,-1200.0,-23900.0,NSDL
2024,December,-16982.0,1500.0,-14292.0,NSDL
2025,January,-78027.0,-3424.0,-77211.0,NSDL
2025,February,-34574.0,-5508.0,-24301.0,NSDL
2025,March,-3973.0,9711.0,32981.0,NSDL
2025,April,4223.0,-13314.0,-20190.0,NSDL
2025,May,19860.0,19615.0,30950.0,NSDL
2025,June,14590.0,-6121.0,-7563.0,NSDL
2025,July,-17741.0,-234.0,-5538.0,NSDL
2025,August,-34993.0,6766.0,-20505.0,NSDL
2025,September,-23885.0,1085.0,-12539.0,NSDL
2025,October,14610.0,3507.0,35598.0,NSDL
2025,November,-3765.0,-3969.0,2836.0,NSDL
2025,December,-22611.0,717.0,-38568.0,NSDL
2026,January,-35962.0,-7308.0,-29240.0,NSDL
2026,February,22615.0,5380.0,37804.0,NSDL
2026,March,-88180.0,187.0,-103967.0,NSDL
