Date,CPI_Index,Inflation_YoY_Pct
1957-01-01,1.4714,
1957-02-01,1.4714,
1957-03-01,1.4714,
1957-04-01,1.5005,
1957-05-01,1.5114,
1957-06-01,1.5406,
1957-07-01,1.5406,
1957-08-01,1.5552,
1957-09-01,1.5661,
1957-10-01,1.5552,
1957-11-01,1.5661,
1957-12-01,1.5552,
1958-01-01,1.526,3.71
1958-02-01,1.5114,2.72
1958-03-01,1.5114,2.72
1958-04-01,1.526,1.7
1958-05-01,1.5552,2.89
1958-06-01,1.5952,3.55
1958-07-01,1.6353,6.15
1958-08-01,1.6498,6.09
1958-09-01,1.6644,6.28
1958-10-01,1.6899,8.67
1958-11-01,1.679,7.21
1958-12-01,1.6353,5.15
1959-01-01,1.6098,5.49
1959-02-01,1.6244,7.47
1959-03-01,1.6098,6.51
1959-04-01,1.6098,5.49
1959-05-01,1.6353,5.15
1959-06-01,1.6644,4.34
1959-07-01,1.7045,4.23
1959-08-01,1.719,4.19
1959-09-01,1.7045,2.41
1959-10-01,1.7336,2.59
1959-11-01,1.7336,3.25
1959-12-01,1.7045,4.23
1960-01-01,1.679,4.3
1960-02-01,1.679,3.36
1960-03-01,1.6644,3.39
1960-04-01,1.679,4.3
1960-05-01,1.6899,3.34
1960-06-01,1.7045,2.41
1960-07-01,1.7336,1.71
1960-08-01,1.7336,0.85
1960-09-01,1.719,0.85
1960-10-01,1.719,-0.84
1960-11-01,1.7045,-1.68
1960-12-01,1.7045,0.0
1961-01-01,1.6899,0.65
1961-02-01,1.6899,0.65
1961-03-01,1.7045,2.41
1961-04-01,1.7045,1.52
1961-05-01,1.7045,0.86
1961-06-01,1.719,0.85
1961-07-01,1.7482,0.84
1961-08-01,1.7591,1.47
1961-09-01,1.7591,2.33
1961-10-01,1.7591,2.33
1961-11-01,1.7591,3.21
1961-12-01,1.7591,3.21
1962-01-01,1.7482,3.45
1962-02-01,1.7482,3.45
1962-03-01,1.7482,2.56
1962-04-01,1.7591,3.21
1962-05-01,1.7737,4.06
1962-06-01,1.7882,4.03
1962-07-01,1.8137,3.75
1962-08-01,1.8283,3.93
1962-09-01,1.8283,3.93
1962-10-01,1.8429,4.76
1962-11-01,1.8283,3.93
1962-12-01,1.8028,2.48
1963-01-01,1.7882,2.29
1963-02-01,1.7737,1.46
1963-03-01,1.7882,2.29
1963-04-01,1.8028,2.48
1963-05-01,1.8137,2.26
1963-06-01,1.8429,3.05
1963-07-01,1.8574,2.41
1963-08-01,1.872,2.39
1963-09-01,1.8829,2.99
1963-10-01,1.8975,2.96
1963-11-01,1.8975,3.78
1963-12-01,1.9266,6.87
1964-01-01,1.9266,7.74
1964-02-01,1.9521,10.06
1964-03-01,1.9667,9.98
1964-04-01,1.9813,9.9
1964-05-01,2.0213,11.45
1964-06-01,2.0614,11.86
1964-07-01,2.1197,14.12
1964-08-01,2.1452,14.59
1964-09-01,2.1852,16.05
1964-10-01,2.2435,18.23
1964-11-01,2.2435,18.23
1964-12-01,2.2544,17.01
1965-01-01,2.269,17.77
1965-02-01,2.2289,14.18
1965-03-01,2.1852,11.11
1965-04-01,2.1998,11.03
1965-05-01,2.2144,9.55
1965-06-01,2.2435,8.83
1965-07-01,2.3091,8.93
1965-08-01,2.3382,9.0
1965-09-01,2.3673,8.33
1965-10-01,2.3673,5.52
1965-11-01,2.3783,6.01
1965-12-01,2.3783,5.49
1966-01-01,2.3783,4.82
1966-02-01,2.3928,7.35
1966-03-01,2.3928,9.5
1966-04-01,2.4074,9.44
1966-05-01,2.4875,12.34
1966-06-01,2.5458,13.47
1966-07-01,2.5859,11.99
1966-08-01,2.6113,11.68
1966-09-01,2.6259,10.92
1966-10-01,2.6405,11.54
1966-11-01,2.6696,12.25
1966-12-01,2.7097,13.94
1967-01-01,2.7097,13.94
1967-02-01,2.7243,13.85
1967-03-01,2.7497,14.92
1967-04-01,2.7789,15.43
1967-05-01,2.8335,13.91
1967-06-01,2.9027,14.02
1967-07-01,2.9282,13.24
1967-08-01,2.9573,13.25
1967-09-01,2.9428,12.07
1967-10-01,2.9828,12.97
1967-11-01,2.9719,11.32
1967-12-01,2.9428,8.6
1968-01-01,3.0265,11.69
1968-02-01,2.9828,9.49
1968-03-01,2.9282,6.49
1968-04-01,2.9428,5.9
1968-05-01,2.9173,2.96
1968-06-01,2.9428,1.38
1968-07-01,2.9282,0.0
1968-08-01,2.9938,1.23
1968-09-01,3.012,2.35
1968-10-01,3.0265,1.47
1968-11-01,2.961,-0.37
1968-12-01,2.8772,-2.23
1969-01-01,2.859,-5.54
1969-02-01,2.8444,-4.64
1969-03-01,2.859,-2.36
1969-04-01,2.8772,-2.23
1969-05-01,2.91,-0.25
1969-06-01,2.9938,1.73
1969-07-01,3.012,2.86
1969-08-01,3.012,0.61
1969-09-01,3.012,0.0
1969-10-01,2.9938,-1.08
1969-11-01,2.9792,0.62
1969-12-01,2.9792,3.54
1970-01-01,2.9792,4.2
1970-02-01,2.9792,4.74
1970-03-01,3.012,5.35
1970-04-01,3.0448,5.82
1970-05-01,3.0775,5.76
1970-06-01,3.114,4.01
1970-07-01,3.1285,3.87
1970-08-01,3.1467,4.47
1970-09-01,3.1613,4.96
1970-10-01,3.1795,6.2
1970-11-01,3.1795,6.72
1970-12-01,3.1285,5.01
1971-01-01,3.0957,3.91
1971-02-01,3.0957,3.91
1971-03-01,3.0957,2.78
1971-04-01,3.0957,1.67
1971-05-01,3.0957,0.59
1971-06-01,3.1467,1.05
1971-07-01,3.1977,2.21
1971-08-01,3.2633,3.7
1971-09-01,3.2961,4.26
1971-10-01,3.2961,3.67
1971-11-01,3.3143,4.24
1971-12-01,3.2815,4.89
1972-01-01,3.2633,5.41
1972-02-01,3.2451,4.82
1972-03-01,3.2633,5.41
1972-04-01,3.2815,6.0
1972-05-01,3.2961,6.47
1972-06-01,3.3798,7.41
1972-07-01,3.449,7.86
1972-08-01,3.4818,6.7
1972-09-01,3.5,6.19
1972-10-01,3.5146,6.63
1972-11-01,3.5328,6.59
1972-12-01,3.5328,7.66
1973-01-01,3.5328,8.26
1973-02-01,3.5838,10.44
1973-03-01,3.6348,11.38
1973-04-01,3.7185,13.32
1973-05-01,3.8351,16.35
1973-06-01,3.9188,15.95
1973-07-01,4.0864,18.48
1973-08-01,4.1556,19.35
1973-09-01,4.1738,19.25
1973-10-01,4.2721,21.55
1973-11-01,4.3559,23.3
1973-12-01,4.3741,23.81
1974-01-01,4.4397,25.67
1974-02-01,4.4906,25.3
1974-03-01,4.6254,27.25
1974-04-01,4.7602,28.01
1974-05-01,4.9459,28.96
1974-06-01,5.0624,29.18
1974-07-01,5.2336,28.07
1974-08-01,5.4012,29.97
1974-09-01,5.6197,34.64
1974-10-01,5.6342,31.88
1974-11-01,5.5687,27.84
1974-12-01,5.4849,25.4
1975-01-01,5.4849,23.54
1975-02-01,5.4667,21.74
1975-03-01,5.4012,16.77
1975-04-01,5.4339,14.15
1975-05-01,5.4995,11.19
1975-06-01,5.5177,8.99
1975-07-01,5.4521,4.18
1975-08-01,5.4012,0.0
1975-09-01,5.3684,-4.47
1975-10-01,5.3174,-5.62
1975-11-01,5.2992,-4.84
1975-12-01,5.1462,-6.18
1976-01-01,5.0151,-8.57
1976-02-01,4.8803,-10.73
1976-03-01,4.8111,-10.92
1976-04-01,4.8621,-10.52
1976-05-01,4.8803,-11.26
1976-06-01,4.8949,-11.29
1976-07-01,4.9969,-8.35
1976-08-01,5.0151,-7.15
1976-09-01,5.0807,-5.36
1976-10-01,5.1134,-3.84
1976-11-01,5.1462,-2.89
1976-12-01,5.1462,0.0
1977-01-01,5.1644,2.98
1977-02-01,5.2154,6.87
1977-03-01,5.2482,9.08
1977-04-01,5.2664,8.31
1977-05-01,5.3502,9.63
1977-06-01,5.3829,9.97
1977-07-01,5.4667,9.4
1977-08-01,5.4995,9.66
1977-09-01,5.5687,9.61
1977-10-01,5.5505,8.55
1977-11-01,5.5505,7.86
1977-12-01,5.5505,7.86
1978-01-01,5.4667,5.85
1978-02-01,5.3829,3.21
1978-03-01,5.4012,2.91
1978-04-01,5.4157,2.84
1978-05-01,5.4339,1.57
1978-06-01,5.4995,2.17
1978-07-01,5.5505,1.53
1978-08-01,5.5687,1.26
1978-09-01,5.6525,1.5
1978-10-01,5.7217,3.08
1978-11-01,5.7217,3.08
1978-12-01,5.6342,1.51
1979-01-01,5.5869,2.2
1979-02-01,5.5359,2.84
1979-03-01,5.5869,3.44
1979-04-01,5.6707,4.71
1979-05-01,5.7034,4.96
1979-06-01,5.8054,5.56
1979-07-01,5.9402,7.02
1979-08-01,6.0567,8.76
1979-09-01,6.1077,8.05
1979-10-01,6.1405,7.32
1979-11-01,6.1915,8.21
1979-12-01,6.2935,11.7
1980-01-01,6.2425,11.73
1980-02-01,6.206,12.11
1980-03-01,6.2752,12.32
1980-04-01,6.308,11.24
1980-05-01,6.4282,12.71
1980-06-01,6.4938,11.86
1980-07-01,6.6285,11.59
1980-08-01,6.6795,10.28
1980-09-01,6.7633,10.73
1980-10-01,6.8288,11.21
1980-11-01,6.9126,11.65
1980-12-01,6.8653,9.09
1981-01-01,6.9126,10.74
1981-02-01,7.0328,13.32
1981-03-01,7.0656,12.59
1981-04-01,7.1821,13.86
1981-05-01,7.2841,13.31
1981-06-01,7.3861,13.74
1981-07-01,7.5208,13.46
1981-08-01,7.6374,14.34
1981-09-01,7.6702,13.41
1981-10-01,7.7394,13.33
1981-11-01,7.7721,12.43
1981-12-01,7.7394,12.73
1982-01-01,7.7211,11.7
1982-02-01,7.7066,9.58
1982-03-01,7.6884,8.81
1982-04-01,7.7211,7.51
1982-05-01,7.7721,6.7
1982-06-01,7.9069,7.05
1982-07-01,8.0416,6.92
1982-08-01,8.2092,7.49
1982-09-01,8.2274,7.26
1982-10-01,8.2602,6.73
1982-11-01,8.3439,7.36
1982-12-01,8.3621,8.05
1983-01-01,8.3257,7.83
1983-02-01,8.4131,9.17
1983-03-01,8.4459,9.85
1983-04-01,8.5479,10.71
1983-05-01,8.7664,12.79
1983-06-01,8.9667,13.4
1983-07-01,9.1015,13.18
1983-08-01,9.2362,12.51
1983-09-01,9.32,13.28
1983-10-01,9.3856,13.62
1983-11-01,9.4365,13.09
1983-12-01,9.4038,12.46
1984-01-01,9.473,13.78
1984-02-01,9.4365,12.16
1984-03-01,9.3856,11.13
1984-04-01,9.4038,10.01
1984-05-01,9.4548,7.85
1984-06-01,9.6551,7.68
1984-07-01,9.8408,8.12
1984-08-01,9.859,6.74
1984-09-01,9.91,6.33
1984-10-01,9.961,6.13
1984-11-01,10.0084,6.06
1984-12-01,9.8918,5.19
1985-01-01,9.8918,4.42
1985-02-01,9.8408,4.28
1985-03-01,9.859,5.04
1985-04-01,9.9938,6.27
1985-05-01,10.0921,6.74
1985-06-01,10.1941,5.58
1985-07-01,10.3471,5.14
1985-08-01,10.398,5.47
1985-09-01,10.4126,5.07
1985-10-01,10.5146,5.56
1985-11-01,10.5984,5.9
1985-12-01,10.5984,7.14
1986-01-01,10.5802,6.96
1986-02-01,10.6494,8.22
1986-03-01,10.7331,8.87
1986-04-01,10.8169,8.24
1986-05-01,10.9516,8.52
1986-06-01,11.0682,8.57
1986-07-01,11.2394,8.62
1986-08-01,11.3049,8.72
1986-09-01,11.3741,9.23
1986-10-01,11.5234,9.59
1986-11-01,11.64,9.83
1986-12-01,11.5744,9.21
1987-01-01,11.5744,9.4
1987-02-01,11.5416,8.38
1987-03-01,11.5416,7.53
1987-04-01,11.6254,7.47
1987-05-01,11.8257,7.98
1987-06-01,12.0297,8.69
1987-07-01,12.179,8.36
1987-08-01,12.383,9.54
1987-09-01,12.5323,10.18
1987-10-01,12.6161,9.48
1987-11-01,12.6998,9.11
1987-12-01,12.6525,9.31
1988-01-01,12.667,9.44
1988-02-01,12.6015,9.18
1988-03-01,12.667,9.75
1988-04-01,12.8346,10.4
1988-05-01,12.9693,9.67
1988-06-01,13.1551,9.36
1988-07-01,13.3736,9.81
1988-08-01,13.4574,8.68
1988-09-01,13.5594,8.2
1988-10-01,13.8471,9.76
1988-11-01,13.93,9.69
1988-12-01,13.7642,8.79
1989-01-01,13.6812,8.01
1989-02-01,13.6812,8.57
1989-03-01,13.7642,8.66
1989-04-01,13.8471,7.89
1989-05-01,14.0129,8.05
1989-06-01,14.0958,7.15
1989-07-01,14.2616,6.64
1989-08-01,14.4275,7.21
1989-09-01,14.5933,7.63
1989-10-01,14.5933,5.39
1989-11-01,14.5933,4.76
1989-12-01,14.5104,5.42
1990-01-01,14.4275,5.45
1990-02-01,14.5104,6.06
1990-03-01,14.6762,6.63
1990-04-01,14.925,7.78
1990-05-01,15.0908,7.69
1990-06-01,15.3396,8.82
1990-07-01,15.6712,9.88
1990-08-01,15.7542,9.2
1990-09-01,15.8371,8.52
1990-10-01,16.1687,10.8
1990-11-01,16.4175,12.5
1990-12-01,16.5004,13.71
1991-01-01,16.7492,16.09
1991-02-01,16.7492,15.43
1991-03-01,16.6662,13.56
1991-04-01,16.7492,12.22
1991-05-01,16.915,12.09
1991-06-01,17.3296,12.97
1991-07-01,17.7442,13.23
1991-08-01,17.9929,14.21
1991-09-01,18.3246,15.71
1991-10-01,18.4904,14.36
1991-11-01,18.6562,13.64
1991-12-01,18.6562,13.07
1992-01-01,18.905,12.87
1992-02-01,18.9879,13.37
1992-03-01,18.9879,13.93
1992-04-01,19.1537,14.36
1992-05-01,19.4025,14.71
1992-06-01,19.5683,12.92
1992-07-01,20.0658,13.08
1992-08-01,20.0658,11.52
1992-09-01,20.1487,9.95
1992-10-01,20.2316,9.42
1992-11-01,20.2316,8.44
1992-12-01,20.1487,8.0
1993-01-01,19.9829,5.7
1993-02-01,19.9829,5.24
1993-03-01,20.1487,6.11
1993-04-01,20.3146,6.06
1993-05-01,20.3975,5.13
1993-06-01,20.7291,5.93
1993-07-01,20.9779,4.55
1993-08-01,21.2266,5.79
1993-09-01,21.4754,6.58
1993-10-01,21.7241,7.38
1993-11-01,21.9729,8.61
1993-12-01,21.89,8.64
1994-01-01,21.8071,9.13
1994-02-01,21.9729,9.96
1994-03-01,22.1387,9.88
1994-04-01,22.3046,9.8
1994-05-01,22.5533,10.57
1994-06-01,22.9679,10.8
1994-07-01,23.2996,11.07
1994-08-01,23.5483,10.94
1994-09-01,23.88,11.2
1994-10-01,23.9629,10.31
1994-11-01,24.1287,9.81
1994-12-01,23.9629,9.47
1995-01-01,23.9629,9.89
1995-02-01,24.1287,9.81
1995-03-01,24.2946,9.74
1995-04-01,24.4604,9.67
1995-05-01,24.875,10.29
1995-06-01,25.3725,10.47
1995-07-01,25.9529,11.39
1995-08-01,26.1187,10.92
1995-09-01,26.2846,10.07
1995-10-01,26.4504,10.38
1995-11-01,26.6162,10.31
1995-12-01,26.2846,9.69
1996-01-01,26.1187,9.0
1996-02-01,26.2016,8.59
1996-03-01,26.4504,8.87
1996-04-01,26.865,9.83
1996-05-01,27.1966,9.33
1996-06-01,27.6112,8.82
1996-07-01,28.1087,8.31
1996-08-01,28.4404,8.89
1996-09-01,28.5233,8.52
1996-10-01,28.6891,8.46
1996-11-01,28.9379,8.72
1996-12-01,29.0208,10.41
1997-01-01,29.0208,11.11
1997-02-01,29.0208,10.76
1997-03-01,29.1037,10.03
1997-04-01,29.3525,9.26
1997-05-01,29.1866,7.32
1997-06-01,29.4354,6.61
1997-07-01,29.6841,5.6
1997-08-01,29.767,4.66
1997-09-01,29.9329,4.94
1997-10-01,30.2646,5.49
1997-11-01,30.3475,4.87
1997-12-01,30.845,6.29
1998-01-01,31.84,9.71
1998-02-01,31.6741,9.14
1998-03-01,31.5083,8.26
1998-04-01,31.757,8.19
1998-05-01,32.2546,10.51
1998-06-01,33.0837,12.39
1998-07-01,34.0787,14.8
1998-08-01,34.2445,15.04
1998-09-01,34.825,16.34
1998-10-01,35.9029,18.63
1998-11-01,36.3175,19.67
1998-12-01,35.5712,15.32
1999-01-01,34.825,9.38
1999-02-01,34.4104,8.64
1999-03-01,34.3275,8.95
1999-04-01,34.4104,8.36
1999-05-01,34.742,7.71
1999-06-01,34.825,5.26
1999-07-01,35.1566,3.16
1999-08-01,35.3225,3.15
1999-09-01,35.5712,2.14
1999-10-01,36.2345,0.92
1999-11-01,36.3175,0.0
1999-12-01,35.737,0.47
2000-01-01,35.737,2.62
2000-02-01,35.6541,3.61
2000-03-01,35.9858,4.83
2000-04-01,36.3175,5.54
2000-05-01,36.4833,5.01
2000-06-01,36.6491,5.24
2000-07-01,36.8979,4.95
2000-08-01,36.732,3.99
2000-09-01,36.815,3.5
2000-10-01,37.2295,2.75
2000-11-01,37.3125,2.74
2000-12-01,36.9808,3.48
2001-01-01,36.8979,3.25
2001-02-01,36.732,3.02
2001-03-01,36.8979,2.53
2001-04-01,37.1466,2.28
2001-05-01,37.3954,2.5
2001-06-01,37.8929,3.39
2001-07-01,38.3904,4.04
2001-08-01,38.6391,5.19
2001-09-01,38.5562,4.73
2001-10-01,38.805,4.23
2001-11-01,39.1366,4.89
2001-12-01,38.8879,5.16
2002-01-01,38.722,4.94
2002-02-01,38.6391,5.19
2002-03-01,38.805,5.17
2002-04-01,38.8879,4.69
2002-05-01,39.1366,4.66
2002-06-01,39.4683,4.16
2002-07-01,39.8829,3.89
2002-08-01,40.1316,3.86
2002-09-01,40.2145,4.3
2002-10-01,40.3804,4.06
2002-11-01,40.5462,3.6
2002-12-01,40.1316,3.2
2003-01-01,40.0487,3.43
2003-02-01,40.1316,3.86
2003-03-01,40.3804,4.06
2003-04-01,40.8779,5.12
2003-05-01,40.9608,4.66
2003-06-01,41.2095,4.41
2003-07-01,41.5412,4.16
2003-08-01,41.3754,3.1
2003-09-01,41.3754,2.89
2003-10-01,41.707,3.29
2003-11-01,41.79,3.07
2003-12-01,41.6241,3.72
2004-01-01,41.79,4.35
2004-02-01,41.79,4.13
2004-03-01,41.79,3.49
2004-04-01,41.79,2.23
2004-05-01,42.1216,2.83
2004-06-01,42.4533,3.02
2004-07-01,42.8679,3.19
2004-08-01,43.2824,4.61
2004-09-01,43.3654,4.81
2004-10-01,43.6141,4.57
2004-11-01,43.5312,4.17
2004-12-01,43.1995,3.78
2005-01-01,43.6141,4.37
2005-02-01,43.5312,4.17
2005-03-01,43.5312,4.17
2005-04-01,43.8629,4.96
2005-05-01,43.697,3.74
2005-06-01,43.8629,3.32
2005-07-01,44.6091,4.06
2005-08-01,44.7749,3.45
2005-09-01,44.9408,3.63
2005-10-01,45.4383,4.18
2005-11-01,45.8529,5.33
2005-12-01,45.6041,5.57
2006-01-01,45.5212,4.37
2006-02-01,45.5212,4.57
2006-03-01,45.5212,4.57
2006-04-01,45.9037,4.65
2006-05-01,46.2863,5.93
2006-06-01,47.0513,7.27
2006-07-01,47.4338,6.33
2006-08-01,47.4338,5.94
2006-09-01,47.8164,6.4
2006-10-01,48.5814,6.92
2006-11-01,48.5814,5.95
2006-12-01,48.5814,6.53
2007-01-01,48.5814,6.72
2007-02-01,48.964,7.56
2007-03-01,48.5814,6.72
2007-04-01,48.964,6.67
2007-05-01,49.3465,6.61
2007-06-01,49.729,5.69
2007-07-01,50.4941,6.45
2007-08-01,50.8766,7.26
2007-09-01,50.8766,6.4
2007-10-01,51.2592,5.51
2007-11-01,51.2592,5.51
2007-12-01,51.2592,5.51
2008-01-01,51.2592,5.51
2008-02-01,51.6417,5.47
2008-03-01,52.4068,7.87
2008-04-01,52.7893,7.81
2008-05-01,53.1718,7.75
2008-06-01,53.5544,7.69
2008-07-01,54.702,8.33
2008-08-01,55.467,9.02
2008-09-01,55.8495,9.77
2008-10-01,56.6146,10.45
2008-11-01,56.6146,10.45
2008-12-01,56.2321,9.7
2009-01-01,56.6146,10.45
2009-02-01,56.6146,9.63
2009-03-01,56.6146,8.03
2009-04-01,57.3797,8.7
2009-05-01,57.7622,8.63
2009-06-01,58.5273,9.29
2009-07-01,61.205,11.89
2009-08-01,61.97,11.72
2009-09-01,62.3526,11.64
2009-10-01,63.1176,11.49
2009-11-01,64.2652,13.51
2009-12-01,64.6478,14.97
2010-01-01,65.7954,16.22
2010-02-01,65.0303,14.86
2010-03-01,65.0303,14.86
2010-04-01,65.0303,13.33
2010-05-01,65.7954,13.91
2010-06-01,66.5604,13.73
2010-07-01,68.0905,11.25
2010-08-01,68.0905,9.88
2010-09-01,68.4731,9.82
2010-10-01,69.2381,9.7
2010-11-01,69.6207,8.33
2010-12-01,70.7682,9.47
2011-01-01,71.9158,9.3
2011-02-01,70.7682,8.82
2011-03-01,70.7682,8.82
2011-04-01,71.1508,9.41
2011-05-01,71.5333,8.72
2011-06-01,72.2984,8.62
2011-07-01,73.8285,8.43
2011-08-01,74.211,8.99
2011-09-01,75.3586,10.06
2011-10-01,75.7412,9.39
2011-11-01,76.1237,9.34
2011-12-01,75.3586,6.49
2012-01-01,75.7412,5.32
2012-02-01,76.1237,7.57
2012-03-01,76.8888,8.65
2012-04-01,78.4189,10.22
2012-05-01,78.8014,10.16
2012-06-01,79.5665,10.05
2012-07-01,81.0966,9.84
2012-08-01,81.8616,10.31
2012-09-01,82.2442,9.14
2012-10-01,83.0092,9.6
2012-11-01,83.3918,9.55
2012-12-01,83.7743,11.17
2013-01-01,84.5394,11.62
2013-02-01,85.3044,12.06
2013-03-01,85.687,11.44
2013-04-01,86.452,10.24
2013-05-01,87.2171,10.68
2013-06-01,88.3647,11.06
2013-07-01,89.8948,10.85
2013-08-01,90.6599,10.75
2013-09-01,91.0424,10.7
2013-10-01,92.19,11.06
2013-11-01,92.9551,11.47
2013-12-01,91.4249,9.13
2014-01-01,90.6599,7.24
2014-02-01,91.0424,6.73
2014-03-01,91.4249,6.7
2014-04-01,92.5725,7.08
2014-05-01,93.3376,7.02
2014-06-01,94.1026,6.49
2014-07-01,96.3978,7.23
2014-08-01,96.7804,6.75
2014-09-01,96.7804,6.3
2014-10-01,96.7804,4.98
2014-11-01,96.7804,4.12
2014-12-01,96.7804,5.86
2015-01-01,97.1629,7.17
2015-02-01,96.7804,6.3
2015-03-01,97.1629,6.28
2015-04-01,97.928,5.79
2015-05-01,98.693,5.74
2015-06-01,99.8406,6.1
2015-07-01,100.6057,4.37
2015-08-01,100.9882,4.35
2015-09-01,101.7533,5.14
2015-10-01,102.9009,6.32
2015-11-01,103.2834,6.72
2015-12-01,102.9009,6.32
2016-01-01,102.9009,5.91
2016-02-01,102.1358,5.53
2016-03-01,102.5183,5.51
2016-04-01,103.6659,5.86
2016-05-01,105.196,6.59
2016-06-01,105.9611,6.13
2016-07-01,107.1087,6.46
2016-08-01,106.3436,5.3
2016-09-01,105.9611,4.14
2016-10-01,106.3436,3.35
2016-11-01,105.9611,2.59
2016-12-01,105.196,2.23
2017-01-01,104.8135,1.86
2017-02-01,104.8135,2.62
2017-03-01,105.196,2.61
2017-04-01,105.9611,2.21
2017-05-01,106.3436,1.09
2017-06-01,107.1087,1.08
2017-07-01,109.0214,1.79
2017-08-01,109.0214,2.52
2017-09-01,109.0214,2.89
2017-10-01,109.7864,3.24
2017-11-01,110.169,3.97
2017-12-01,109.4039,4.0
2018-01-01,110.169,5.11
2018-02-01,109.7864,4.74
2018-03-01,109.7864,4.36
2018-04-01,110.169,3.97
2018-05-01,110.5515,3.96
2018-06-01,111.3165,3.93
2018-07-01,115.1419,5.61
2018-08-01,115.1419,5.61
2018-09-01,115.1419,5.61
2018-10-01,115.5244,5.23
2018-11-01,115.5244,4.86
2018-12-01,115.1419,5.24
2019-01-01,117.437,6.6
2019-02-01,117.437,6.97
2019-03-01,118.2021,7.67
2019-04-01,119.3497,8.33
2019-05-01,120.1148,8.65
2019-06-01,120.8798,8.59
2019-07-01,122.0274,5.98
2019-08-01,122.4099,6.31
2019-09-01,123.175,6.98
2019-10-01,124.3226,7.62
2019-11-01,125.4702,8.61
2019-12-01,126.2353,9.63
2020-01-01,126.2353,7.49
2020-02-01,125.4702,6.84
2020-03-01,124.7051,5.5
2020-04-01,125.8527,5.45
2020-05-01,126.2353,5.1
2020-06-01,127.0003,5.06
2020-07-01,128.5304,5.33
2020-08-01,129.2955,5.63
2020-09-01,130.1179,5.64
2020-10-01,131.6603,5.9
2020-11-01,132.101,5.28
2020-12-01,130.8891,3.69
2021-01-01,130.228,3.16
2021-02-01,131.1094,4.49
2021-03-01,131.7705,5.67
2021-04-01,132.3214,5.14
2021-05-01,132.8723,5.26
2021-06-01,134.0842,5.58
2021-07-01,135.2961,5.26
2021-08-01,135.5165,4.81
2021-09-01,135.847,4.4
2021-10-01,137.6098,4.52
2021-11-01,138.4912,4.84
2021-12-01,138.1607,5.56
2022-01-01,137.8302,5.84
2022-02-01,137.72,5.04
2022-03-01,138.8218,5.35
2022-04-01,140.6947,6.33
2022-05-01,142.127,6.97
2022-06-01,142.3474,6.16
2022-07-01,143.1186,5.78
2022-08-01,143.4492,5.85
2022-09-01,144.6611,6.49
2022-10-01,145.9832,6.08
2022-11-01,145.9832,5.41
2022-12-01,145.7628,5.5
2023-01-01,146.3137,6.16
2023-02-01,146.2036,6.16
2023-03-01,146.8646,5.79
2023-04-01,147.8562,5.09
2023-05-01,148.4071,4.42
2023-06-01,150.2801,5.57
2023-07-01,153.9159,7.54
2023-08-01,153.365,6.91
2023-09-01,151.492,4.72
2023-10-01,152.4836,4.45
2023-11-01,153.2548,4.98
2023-12-01,152.9243,4.91
2024-01-01,153.0345,4.59
2024-02-01,153.365,4.9
2024-03-01,153.0345,4.2
2024-04-01,153.5853,3.87
2024-05-01,154.1362,3.86
2024-06-01,155.7889,3.67
2024-07-01,157.2212,2.15
2024-08-01,157.111,2.44
2024-09-01,157.8822,4.22
2024-10-01,159.2043,4.41
2024-11-01,159.2043,3.88
2024-12-01,158.3229,3.53
2025-01-01,157.772,3.1
2025-02-01,157.3313,2.59
2025-03-01,157.5517,2.95
